Status, time, Register_ID, REG_Date, UID, Sequence, Vendor_ID, brand_slug, App_Type, First_Name, Last, Address, City, State, Zip, Email, ISO, Conf_Code, App_By, Sku, Call_DirectionApproved,12_27_2019_01_21_18_PM,12289,12/21/2019,A5dfe96e68c10e,1,EPIB,nrg_residential,IB,Alex_Lauren,Watts,485471 Erika Meadows St.,Washington,PA,20303,,PGW,ffd9e3b,ama,1A0082BB-FDF2,OUTBOUND
Approved,01_21_2020_10_47_21_AM,12325,12/21/2019,A5dfea0683c33a,1,EPIB,nrg_residential,IB,Alex_John,Li,465299 Joseph Montes St.,Washington,OH,20204,,DKE Elec,8015fb9,ama,g464d512e147045e,OUTBOUND,,,,,,,,,,,,,,,,,,,,
Approved,01_21_2020_10_47_23_AM,12337,12/21/2019,A5dfea21b6438b,1,EPIB,nrg_residential,IB,Alex_Bianca,Potts,548931 Matthew Leon St.,Washington,OH,20212,,DKE Elec,3530bf8,ama,g464d512e147045e,OUTBOUND,,,,,,,,,,,,,,,,,,,,
Approved,01_21_2020_10_47_26_AM,12341,12/21/2019,A5dfea24cec996,1,EPIB,nrg_residential,IB,Alex_Carl,Sherman,778476 Diane Baker DDS St.,Washington,OH,20262,,DKE Elec,671d43b,ama,g464d512e147045e,OUTBOUND,,,,,,,,,,,,,,,,,,,,
Approved,01_21_2020_10_47_29_AM,12343,12/21/2019,A5dfea2848aeff,1,EPIB,nrg_residential,IB,Alex_Shawn,Clark,50863 Catherine Mcdonald St.,Washington,OH,20541,,DKE Elec,9e92985,ama,g464d512e147045e,OUTBOUND,,,,,,,,,,,,,,,,,,,,
Approved,01_21_2020_10_47_31_AM,12373,12/21/2019,A5dfea9a906c80,1,EPIB,nrg_residential,IB,Alex_Derrick,Gibbs,325503 Beth Brown St.,Washington,OH,20585,,DKE Elec,c403c7c,ama,g464d512e147045e,OUTBOUND,,,,,,,,,,,,,,,,,,,,
Approved,01_21_2020_10_47_34_AM,12375,12/21/2019,A5dfea9c9af7ed,1,EPIB,nrg_residential,IB,Alex_Derrick,Gibbs,325503 Beth Brown St.,Washington,OH,20585,,CEI,e06dff7,ama,03BF52E1-51DC,OUTBOUND,,,,,,,,,,,,,,,,,,,,
Approved,01_21_2020_10_47_37_AM,12377,12/21/2019,A5dfeaa8692ee3,1,EPIB,nrg_residential,IB,Alex_Melissa,Ewing,721869 Martin Lopez St.,Washington,OH,20314,,DKE Elec,a113cd2,ama,g464d512e147045e,OUTBOUND,,,,,,,,,,,,,,,,,,,,
Approved,01_21_2020_10_47_39_AM,12381,12/21/2019,A5dfeaac9a1660,1,EPIB,nrg_residential,IB,Alex_James,Snyder,78565 Taylor Allen St.,Washington,OH,20059,,DKE Elec,e4293f7,ama,g464d512e147045e,OUTBOUND,,,,,,,,,,,,,,,,,,,,
Approved,01_21_2020_10_47_42_AM,12413,12/21/2019,A5dfeb53416c71,1,EPIB,nrg_residential,IB,Alex_Donna,Romero,639069 Eric Russell St.,Washington,OH,20506,,DKE Elec,4f212a1,ama,g464d512e147045e,OUTBOUND,,,,,,,,,,,,,,,,,,,,
Approved,01_21_2020_10_47_45_AM,12453,12/21/2019,A5dfec8b46af31,1,EPIB,nrg_residential,IB,Alex_Clayton,Aguirre,576499 Jonathan Franklin St.,Washington,OH,20403,,DKE Elec,cef14f5,ama,g464d512e147045e,OUTBOUND,,,,,,,,,,,,,,,,,,,,
Approved,01_21_2020_10_47_47_AM,12457,12/21/2019,A5dfec912b5ec8,1,EPIB,nrg_residential,IB,Alex_Cynthia,Boyd,458507 Hannah Gonzalez St.,Washington,OH,20017,,DKE Elec,2d0bc2b,ama,g464d512e147045e,OUTBOUND,,,,,,,,,,,,,,,,,,,,
Approved,01_21_2020_10_47_50_AM,12459,12/21/2019,A5dfec93247a1e,1,EPIB,nrg_residential,IB,Alex_Richard,Miller,485818 Brett Martinez St.,Washington,OH,20017,,DKE Elec,4c1558a,ama,g464d512e147045e,OUTBOUND,,,,,,,,,,,,,,,,,,,,
Approved,01_21_2020_10_47_53_AM,12461,12/21/2019,A5dfec97e71e54,1,EPIB,nrg_residential,IB,Alex_James,Ramos,661961 Julia Noble St.,Washington,OH,20071,,DKE Elec,91b7160,ama,g464d512e147045e,OUTBOUND,,,,,,,,,,,,,,,,,,,,
Approved,01_21_2020_10_47_55_AM,12465,12/21/2019,A5dfeca5ca1536,1,EPIB,nrg_residential,IB,Alex_Alexander,Johnson,691928 Deborah Kelley St.,Washington,OH,20033,,DKE Elec,7735fc3,ama,g464d512e147045e,OUTBOUND,,,,,,,,,,,,,,,,,,,,
Approved,01_21_2020_10_48_00_AM,12469,12/21/2019,A5dfeca8c614fe,1,EPIB,nrg_residential,IB,Alex_Blake,Davis,939385 Mary Watson St.,Washington,OH,20528,,DKE Elec,a7468d0,ama,g464d512e147045e,OUTBOUND,,,,,,,,,,,,,,,,,,,,
Approved,01_21_2020_10_48_03_AM,12471,12/21/2019,A5dfecb18678f7,1,EPIB,nrg_residential,IB,Alex_Catherine,Carr,544286 Carla Roth St.,Washington,OH,20389,,DKE Elec,339b2bc,ama,g464d512e147045e,OUTBOUND,,,,,,,,,,,,,,,,,,,,
Approved,01_21_2020_10_48_06_AM,12475,12/21/2019,A5dfecb73524bf,1,EPIB,nrg_residential,IB,Alex_Carol,Frank,776322 Christine Elliott St.,Washington,OH,20468,,DKE Elec,8df2744,ama,g464d512e147045e,OUTBOUND,,,,,,,,,,,,,,,,,,,,
Approved,01_21_2020_10_48_08_AM,12477,12/21/2019,A5dfecc2d6da41,1,EPIB,nrg_residential,IB,Alex_Amanda,Mendez,508405 Joseph Cox St.,Washington Navy Yard,OH,20391,,DKE Elec,4959b15,ama,g464d512e147045e,OUTBOUND,,,,,,,,,,,,,,,,,,,,
Approved,01_21_2020_10_48_11_AM,12481,12/21/2019,A5dfecce99f723,1,EPIB,nrg_residential,IB,Alex_John,Mercado,694113 Nicholas Long St.,Washington,OH,20559,,DKE Elec,023dca1,ama,g464d512e147045e,OUTBOUND,,,,,,,,,,,,,,,,,,,,
Approved,01_21_2020_10_48_14_AM,12483,12/21/2019,A5dfecd360bdd5,1,EPIB,nrg_residential,IB,Alex_Fred,Wolf,264335 William Rowe St.,Washington,OH,20049,,DKE Elec,4fe35b5,ama,g464d512e147045e,OUTBOUND,,,,,,,,,,,,,,,,,,,,
Approved,01_21_2020_10_48_17_AM,12487,12/21/2019,A5dfecda202475,1,EPIB,nrg_residential,IB,Alex_James,Quinn,389466 Deanna Callahan St.,Washington,OH,20534,,DKE Elec,bc90689,ama,g464d512e147045e,OUTBOUND,,,,,,,,,,,,,,,,,,,,
Approved,01_21_2020_10_48_19_AM,12493,12/21/2019,A5dfece4cd045e,1,EPIB,nrg_residential,IB,Alex_Hannah,Mcguire,694049 Kerri Moore St.,Washington,OH,20435,,CEI,652d3ab,ama,03BF52E1-51DC,OUTBOUND,,,,,,,,,,,,,,,,,,,,
Approved,01_21_2020_10_48_22_AM,12495,12/21/2019,A5dfed0bd32125,1,EPIB,nrg_residential,IB,Alex_Michael,Adams,218763 Stephanie Harrison St.,Toledo,OH,43682,,DKE Elec,d8b4ed9,ama,g464d512e147045e,OUTBOUND,,,,,,,,,,,,,,,,,,,,
Approved,01_21_2020_10_48_25_AM,12497,12/21/2019,A5dfed0deb7ceb,1,EPIB,nrg_residential,IB,Alex_Kayla,Richard,768610 Sarah Lawson St.,Cincinnati,OH,45246,,DKE Elec,f938747,ama,g464d512e147045e,OUTBOUND,,,,,,,,,,,,,,,,,,,,
Approved,01_21_2020_10_48_28_AM,12499,12/21/2019,A5dfed21f06f77,1,EPIB,nrg_residential,IB,Alex_Katherine,Pacheco,359579 Michael Johnson St.,New Riegel,OH,44853,,DKE Elec,39e7b20,ama,g464d512e147045e,OUTBOUND,,,,,,,,,,,,,,,,,,,,
Approved,01_21_2020_10_48_31_AM,12563,12/22/2019,A5dffa7b507cea,1,EPIB,energyplus,IB,Alex_Sharon,Flores,371950 Anthony Griffin St.,Township Of Washingt,NJ,7876,,PSEG,d283754,ama,,OUTBOUND,,,,,,,,,,,,,,,,,,,,
Approved,01_21_2020_10_48_34_AM,12567,12/22/2019,A5dffa7ec1614d,1,EPIB,energyplus,IB,Alex_Vincent,Flores,462308 Christine Hudson St.,Jobstown,NJ,8248,,PSEG,0af22c6,ama,,OUTBOUND,,,,,,,,,,,,,,,,,,,,
Approved,01_21_2020_10_48_37_AM,12575,12/22/2019,A5dffa8896caa1,1,EPIB,energyplus,IB,Alex_Joan,Gonzalez,313218 Tammy Gallegos St.,Harford,PA,18823,,DUQ,a680325,ama,,OUTBOUND,,,,,,,,,,,,,,,,,,,,
Approved,01_21_2020_10_48_39_AM,12579,12/22/2019,A5dffa8dbc2414,1,EPIB,energyplus,IB,Alex_Cynthia,Brooks,165207 Courtney Davis St.,Newark,NJ,7544,,RECO,fa6fe60,ama,,OUTBOUND,,,,,,,,,,,,,,,,,,,,
Approved,01_21_2020_10_48_42_AM,12589,12/22/2019,A5dffa97def636,1,EPIB,energyplus,IB,Alex_Rebecca,Wood,717037 Angela Morris MD St.,Lenoxville,PA,18441,,MetEd,9c2a9be,ama,,OUTBOUND,,,,,,,,,,,,,,,,,,,,
Approved,01_21_2020_10_48_45_AM,14175,12/23/2019,A5e00e31908889,1,EPIB,nrg_residential,IB,Alex_Ronnie,Boyd,159414 Carla Allen St.,Oak Lawn,IL,60459,,ComEd,315fd65,ama,g026009cb8901459,OUTBOUND,,,,,,,,,,,,,,,,,,,,
Approved,01_21_2020_10_48_48_AM,14525,12/23/2019,A5e00fd6733689,1,EPIB,energyplus,IB,Alex_Holly,Williams,733252 Henry Tucker St.,Cold Spring,NY,10516,,G,7db6ce1,ama,,OUTBOUND,,,,,,,,,,,,,,,,,,,,
Approved,01_21_2020_10_48_50_AM,14591,12/23/2019,A5e0102eb44591,1,EPIB,green_mountain_energy,IB,Alex_Brenda,Jacobs,85573 Robert Nelson St.,Shorewood,IL,60435,,peopgasil,036c2f9,ama,00F458F1-E34E,OUTBOUND,,,,,,,,,,,,,,,,,,,,
FAILED,01_21_2020_10_48_53_AM,17565,1/2/2020,A5e0e1de6300c0,1,EPIB,energyplus,IB,Alex_Joseph,Schroeder,688063 Frank Hernandez St.,Home,PA,15747,,DUQ,07b338f,ama,,OUTBOUND,,,,,,,,,,,,,,,,,,,,
FAILED,01_21_2020_10_48_56_AM,17567,1/2/2020,A5e0e1e0e0bfe0,1,EPIB,energyplus,IB,Alex_Robert,Torres,252582 Leslie Carpenter St.,Farrell,PA,16121,,MetEd,27b1f7d,ama,,OUTBOUND,,,,,,,,,,,,,,,,,,,,
FAILED,01_21_2020_10_48_56_AM,17569,1/2/2020,A5e0e1e2ae3b77,1,EPIB,energyplus,IB,Alex_Andrew,Petersen,385966 Meagan Newman St.,Ono,PA,17077,,PECO,451b9c3,ama,,OUTBOUND,,,,,,,,,,,,,,,,,,,,
FAILED,01_21_2020_10_48_57_AM,17571,1/2/2020,A5e0e1e4a970f2,1,EPIB,energyplus,IB,Alex_Samuel,Clark,442735 Ashley Walker St.,Ackermanville,PA,18010,,Penelec,6dc31ad,ama,,OUTBOUND,,,,,,,,,,,,,,,,,,,,
FAILED,01_21_2020_10_48_58_AM,17573,1/2/2020,A5e0e1e73c9c65,1,EPIB,energyplus,IB,Alex_April,Werner,854897 Jeffrey Goodwin St.,Plymouth,PA,18651,,PPL,96dcea2,ama,,OUTBOUND,,,,,,,,,,,,,,,,,,,,
FAILED,01_21_2020_10_48_58_AM,17575,1/2/2020,A5e0e1e9c6205b,1,EPIB,energyplus,IB,Alex_Robert,Mclaughlin,201611 Heather Molina St.,Pittsburgh,PA,15228,,WPP,c033a3c,ama,,OUTBOUND,,,,,,,,,,,,,,,,,,,,
Approved,01_21_2020_10_48_59_AM,17589,1/2/2020,A5e0e1f93042c2,1,EPIB,energyplus,IB,Alex_Amanda,Jackson,318906 Kenneth Wells St.,Riddlesburg,PA,16672,,PECO,d166d0f,ama,,OUTBOUND,,,,,,,,,,,,,,,,,,,,
FAILED,01_21_2020_10_49_01_AM,,,,,,,,,,,,,,,,,,,,,,,,,,,,,,,,,,,,,,,
Approved,01_21_2020_10_49_02_AM,18069,1/2/2020,A5e0e5d07052f2,1,EPIB,energyplus,IB,Alex_Brian,Rojas,94706 Robert Berry St.,Philadelphia,PA,19148,,DUQ,373a841,ama,,OUTBOUND,,,,,,,,,,,,,,,,,,,,
Approved,01_21_2020_10_49_05_AM,18071,1/2/2020,A5e0e5d40afba9,1,EPIB,energyplus,IB,Alex_Jessica,Wright,208348 Bradley Hale St.,Numidia,PA,17858,,MetEd,648ef90,ama,,OUTBOUND,,,,,,,,,,,,,,,,,,,,
Approved,01_21_2020_10_49_07_AM,18073,1/2/2020,A5e0e5d6a6da63,1,EPIB,energyplus,IB,Alex_Kristy,Thompson,114455 Sarah Ballard St.,Ashfield,PA,18212,,PECO,8b69a3f,ama,,OUTBOUND,,,,,,,,,,,,,,,,,,,,
Approved,01_21_2020_10_49_10_AM,18075,1/2/2020,A5e0e5d937c3a0,1,EPIB,energyplus,IB,Alex_Nichole,Mccormick,696027 Kelly Long St.,Wilkes Barre,PA,18706,,Penelec,bc80fe7,ama,,OUTBOUND,,,,,,,,,,,,,,,,,,,,
FAILED,01_21_2020_10_49_13_AM,18077,1/2/2020,A5e0e5dc332136,1,EPIB,energyplus,IB,Alex_Aaron,Foster,653062 Joseph Allison St.,Pittsburgh,PA,15257,,PPL,ef08ccd,ama,,OUTBOUND,,,,,,,,,,,,,,,,,,,,
FAILED,01_21_2020_10_49_15_AM,18079,1/2/2020,A5e0e5df6128be,1,EPIB,energyplus,IB,Alex_Travis,Taylor,505673 John Marquez St.,Harrisburg,PA,17177,,WPP,1ee4c83,ama,,OUTBOUND,,,,,,,,,,,,,,,,,,,,
FAILED,01_21_2020_10_49_18_AM,18105,1/2/2020,A5e0e6116cbabe,1,EPIB,energyplus,IB,Alex_Fred,Hughes,524707 Michael Williams St.,Roaring Branch,PA,17765,,PECO,5b3adc9,ama,,OUTBOUND,,,,,,,,,,,,,,,,,,,,
Approved,01_21_2020_10_49_19_AM,18105,1/2/2020,A5e0e6116cbabe,1,EPIB,energyplus,IB,Alex_Fred,Hughes,524707 Michael Williams St.,Roaring Branch,PA,17765,,PECO,5b3adc9,ama,,OUTBOUND,,,,,,,,,,,,,,,,,,,,
Approved,01_21_2020_10_49_21_AM,18109,1/2/2020,A5e0e6162bba2c,1,EPIB,green_mountain_energy,IB,Alex_Karen,Rodriguez,821485 Rachel Miller St.,Luke,MD,21540,,BGE,89d816b,ama,2A0EE47F-E300,OUTBOUND,,,,,,,,,,,,,,,,,,,,
Approved,01_21_2020_10_49_24_AM,18133,1/2/2020,A5e0e65627ba1f,1,EPIB,energyplus,IB,Alex_Nicole,Dixon,712792 Lisa Cooper St.,Philadelphia,PA,19145,,PECO,98d441f,ama,,OUTBOUND,,,,,,,,,,,,,,,,,,,,
FAILED,01_21_2020_10_49_27_AM,,,,,,,,,,,,,,,,,,,,,,,,,,,,,,,,,,,,,,,
Approved,01_21_2020_10_49_27_AM,18137,1/2/2020,A5e0e659e2070c,1,EPIB,green_mountain_energy,IB,Alex_Albert,Johnson,557328 Jason Williams St.,Rohrersville,MD,21779,,BGE,c3ac244,ama,2A0EE47F-E300,OUTBOUND,,,,,,,,,,,,,,,,,,,,
Approved,01_21_2020_10_49_43_AM,17565,1/2/2020,A5e0e1de6300c0,1,EPIB,energyplus,IB,Alex_Joseph,Schroeder,688063 Frank Hernandez St.,Home,PA,15747,,DUQ,07b338f,ama,,OUTBOUND,,,,,,,,,,,,,,,,,,,,
Approved,01_21_2020_10_49_45_AM,17567,1/2/2020,A5e0e1e0e0bfe0,1,EPIB,energyplus,IB,Alex_Robert,Torres,252582 Leslie Carpenter St.,Farrell,PA,16121,,MetEd,27b1f7d,ama,,OUTBOUND,,,,,,,,,,,,,,,,,,,,
Approved,01_21_2020_10_49_48_AM,17569,1/2/2020,A5e0e1e2ae3b77,1,EPIB,energyplus,IB,Alex_Andrew,Petersen,385966 Meagan Newman St.,Ono,PA,17077,,PECO,451b9c3,ama,,OUTBOUND,,,,,,,,,,,,,,,,,,,,
Approved,01_21_2020_10_49_51_AM,17571,1/2/2020,A5e0e1e4a970f2,1,EPIB,energyplus,IB,Alex_Samuel,Clark,442735 Ashley Walker St.,Ackermanville,PA,18010,,Penelec,6dc31ad,ama,,OUTBOUND,,,,,,,,,,,,,,,,,,,,
Approved,01_21_2020_10_49_53_AM,17573,1/2/2020,A5e0e1e73c9c65,1,EPIB,energyplus,IB,Alex_April,Werner,854897 Jeffrey Goodwin St.,Plymouth,PA,18651,,PPL,96dcea2,ama,,OUTBOUND,,,,,,,,,,,,,,,,,,,,
Approved,01_21_2020_10_49_56_AM,17575,1/2/2020,A5e0e1e9c6205b,1,EPIB,energyplus,IB,Alex_Robert,Mclaughlin,201611 Heather Molina St.,Pittsburgh,PA,15228,,WPP,c033a3c,ama,,OUTBOUND,,,,,,,,,,,,,,,,,,,,
FAILED,01_21_2020_10_49_59_AM,18077,1/2/2020,A5e0e5dc332136,1,EPIB,energyplus,IB,Alex_Aaron,Foster,653062 Joseph Allison St.,Pittsburgh,PA,15257,,PPL,ef08ccd,ama,,OUTBOUND,,,,,,,,,,,,,,,,,,,,
FAILED,01_21_2020_10_49_59_AM,18079,1/2/2020,A5e0e5df6128be,1,EPIB,energyplus,IB,Alex_Travis,Taylor,505673 John Marquez St.,Harrisburg,PA,17177,,WPP,1ee4c83,ama,,OUTBOUND,,,,,,,,,,,,,,,,,,,,
FAILED,01_21_2020_10_50_00_AM,18147,1/2/2020,A5e0e6698b215f,1,EPIB,green_mountain_energy,IB,Alex_Richard,Glass,93276 Michael Horton St.,Elrama,PA,15038,,MetEd,be1de51,ama,0614FB8C-6A31,OUTBOUND,,,,,,,,,,,,,,,,,,,,
Approved,01_21_2020_10_50_00_AM,18149,1/2/2020,A5e0e66c70ae10,1,EPIB,green_mountain_energy,IB,Alex_Christopher,Patterson,350878 Colleen Arnold DVM St.,York,PA,17404,,PECO,ec872a2,ama,0A295E24-EE7E,OUTBOUND,,,,,,,,,,,,,,,,,,,,
Approved,01_21_2020_10_50_03_AM,18151,1/2/2020,A5e0e66f6d5c10,1,EPIB,green_mountain_energy,IB,Alex_Cassie,Diaz,736482 Lauren Graves St.,Philadelphia,PA,19134,,Penelec,1be6aa2,ama,2B567D5A-5136,OUTBOUND,,,,,,,,,,,,,,,,,,,,
Approved,01_21_2020_10_50_06_AM,18153,1/2/2020,A5e0e6727d90a6,1,EPIB,green_mountain_energy,IB,Alex_Joseph,Cook,79935 Jonathan Davis St.,Cornwall,PA,17016,,PPL,4de95e7,ama,0DD6E0F4-F619,OUTBOUND,,,,,,,,,,,,,,,,,,,,
Approved,01_21_2020_10_50_08_AM,18155,1/2/2020,A5e0e675848e6c,1,EPIB,green_mountain_energy,IB,Alex_David,Schmidt,935587 Terry Lewis St.,Oakdale,PA,15071,,WPP,7e01367,ama,283D725F-D0B6,OUTBOUND,,,,,,,,,,,,,,,,,,,,
Approved,01_21_2020_10_50_11_AM,18157,1/2/2020,A5e0e678880b7e,1,EPIB,green_mountain_energy,IB,Alex_Susan,Wright,933441 Elizabeth Lloyd St.,East Texas,PA,18046,,Penn,af01f8c,ama,2BC36037-6224,OUTBOUND,,,,,,,,,,,,,,,,,,,,
Approved,01_21_2020_10_50_14_AM,18159,1/2/2020,A5e0e67b9f1569,1,EPIB,green_mountain_energy,IB,Alex_Kara,Spencer,66313 Brittney Young St.,Alcove,NY,12007,,G,e0e56a4,ama,g5d28ea65b24e4bd,OUTBOUND,,,,,,,,,,,,,,,,,,,,
Approved,01_21_2020_10_50_16_AM,18161,1/2/2020,A5e0e67ed30b2c,1,EPIB,green_mountain_energy,IB,Alex_Glenn,Taylor,81956 Mrs. Karen Armstrong St.,Shelter Island,NY,11964,,J,0f4b06b,ama,gfc7df13850d497a,OUTBOUND,,,,,,,,,,,,,,,,,,,,
Approved,01_21_2020_10_50_19_AM,18163,1/2/2020,A5e0e681931f9e,1,EPIB,green_mountain_energy,IB,Alex_Larry,Koch,661730 Tamara Coffey St.,Kingston,NY,12401,,,42ce526,ama,g22246ec8a64a237,OUTBOUND,,,,,,,,,,,,,,,,,,,,
Approved,01_21_2020_10_50_22_AM,18165,1/2/2020,A5e0e684e5cfd4,1,EPIB,green_mountain_energy,IB,Alex_Nichole,Macias,769254 Lauren Reed St.,Portville,NY,14770,,,7804df7,ama,g5fa46d658feaa9a,OUTBOUND,,,,,,,,,,,,,,,,,,,,
Approved,01_21_2020_10_50_24_AM,18167,1/2/2020,A5e0e688368c2b,1,EPIB,green_mountain_energy,IB,Alex_Nicholas,Clay,39727 Terri Morrison St.,Chestertown,NY,12817,,,a8afb5d,ama,g240296cd5b192c8,OUTBOUND,,,,,,,,,,,,,,,,,,,,
Approved,01_21_2020_10_50_27_AM,18169,1/2/2020,A5e0e68b8da71f,1,EPIB,green_mountain_energy,IB,Alex_Charles,Thornton,444253 Katherine Davis MD St.,New York,NY,10258,,,df88ac1,ama,g9cf4471aaf2e802,OUTBOUND,,,,,,,,,,,,,,,,,,,,
Approved,01_21_2020_10_50_30_AM,18179,1/2/2020,A5e0e699e17f07,1,EPIB,green_mountain_energy,IB,Alex_Deanna,Harrison,282447 Paula Hughes St.,Richton Park,IL,60471,,ComEd,bd91016,ama,04566978-12C9,OUTBOUND,,,,,,,,,,,,,,,,,,,,
Approved,01_21_2020_10_50_32_AM,18181,1/2/2020,A5e0e69c623bcb,1,EPIB,green_mountain_energy,IB,Alex_Kathryn,Bailey,431418 Amanda Carlson St.,Wilkes Barre,PA,18767,,DUQ,ec38a1c,ama,046C1528-33AA,OUTBOUND,,,,,,,,,,,,,,,,,,,,
FAILED,01_21_2020_10_50_35_AM,,,,,,,,,,,,,,,,,,,,,,,,,,,,,,,,,,,,,,,
Approved,01_21_2020_10_50_35_AM,18187,1/2/2020,A5e0e6a1ad7859,1,EPIB,nrg_residential,IB,Alex_Desiree,Stephens,118989 Danielle Hall St.,Diamond,IL,60416,,ComEd,3bab2a6,ama,g026009cb8901459,OUTBOUND,,,,,,,,,,,,,,,,,,,,
Approved,01_21_2020_10_50_38_AM,18189,1/2/2020,A5e0e6a4210333,1,EPIB,nrg_residential,IB,Alex_Angela,Davis,7452 Charles Kennedy St.,Fort Howard,MD,21052,,BGE,5bd0b1b,ama,gc907718f5444468,OUTBOUND,,,,,,,,,,,,,,,,,,,,
Approved,01_21_2020_10_50_41_AM,18191,1/2/2020,A5e0e6a5f6d01a,1,EPIB,nrg_residential,IB,Alex_Justin,Porter,58198 Meagan Cooke St.,Upperco,MD,21155,,PEPCO,7d6d5de,ama,g91d683214230ec1,OUTBOUND,,,,,,,,,,,,,,,,,,,,
Approved,01_21_2020_10_50_55_AM,21179,1/20/2020,A5e25ec1e6958b,1,EPIB,energyplus,IB,Alex_Johnny,Morris,365143 David Scott St.,Pittsburgh,PA,15267,,PECO,4ecaa5b,ama,,OUTBOUND,,,,,,,,,,,,,,,,,,,,
FAILED,01_21_2020_10_50_57_AM,,,,,,,,,,,,,,,,,,,,,,,,,,,,,,,,,,,,,,,
Approved,01_21_2020_10_50_58_AM,21183,1/20/2020,A5e25ec53a6b88,1,EPIB,green_mountain_energy,IB,Alex_Sara,Small,578745 Haley David St.,Silver Spring,MD,20993,,BGE,71baaf2,ama,2A0EE47F-E300,OUTBOUND,,,,,,,,,,,,,,,,,,,,
Approved,01_21_2020_10_51_00_AM,21187,1/20/2020,A5e25ec9c207df,1,EPIB,green_mountain_energy,IB,Alex_Natasha,Thomas,545420 Sarah Smith St.,Pittsburgh,PA,15254,,DUQ,c01e46d,ama,046C1528-33AA,OUTBOUND,,,,,,,,,,,,,,,,,,,,
FAILED,01_21_2020_10_51_03_AM,,,,,,,,,,,,,,,,,,,,,,,,,,,,,,,,,,,,,,,
Approved,01_21_2020_10_51_03_AM,21195,1/20/2020,A5e25ed0c9ef8f,1,EPIB,nrg_residential,IB,Alex_Brian,Pearson,450162 Tyler Flowers St.,New Bloomfield,PA,17068,,PECO,33cf12d,ama,gac94e5483669c56,OUTBOUND,,,,,,,,,,,,,,,,,,,,
FAILED,01_21_2020_10_51_06_AM,,,,,,,,,,,,,,,,,,,,,,,,,,,,,,,,,,,,,,,
Approved,01_21_2020_10_51_06_AM,21199,1/20/2020,A5e25ed3914ef3,1,EPIB,energyplus,IB,Alex_Michael,Peterson,414189 Heather Smith St.,South New Berlin,NY,13843,,J,581a770,ama,,OUTBOUND,,,,,,,,,,,,,,,,,,,,
Approved,01_21_2020_10_51_09_AM,21203,1/20/2020,A5e25ed827de8d,1,EPIB,green_mountain_energy,IB,Alex_Kathy,Bryant,814175 Mrs. Brooke Gregory St.,Crete,IL,60417,,ComEd,9f5b0a8,ama,04566978-12C9,OUTBOUND,,,,,,,,,,,,,,,,,,,,
Approved,01_21_2020_10_51_12_AM,21205,1/20/2020,A5e25eda71d55f,1,EPIB,green_mountain_energy,IB,Alex_Dwayne,Rogers,453875 Alisha Thompson St.,Lemont,IL,60439,,nicor,c2f3021,ama,0D1CD2A3-BDCE,OUTBOUND,,,,,,,,,,,,,,,,,,,,
Approved,01_21_2020_10_51_14_AM,21211,1/20/2020,A5e25ee13697da,1,EPIB,nrg_residential,IB,Alex_Clayton,Willis,800695 Ian Jackson St.,Otway,OH,45657,,DPL,309eae6,ama,g8a4a87d023248ff,OUTBOUND,,,,,,,,,,,,,,,,,,,,
Approved,01_21_2020_10_51_17_AM,21213,1/20/2020,A5e25ee33eeb04,1,EPIB,cirro,IB,Alex_Heidi,Smith,507149 Michael Sparks St.,Dornsife,PA,17823,,PPL,4abd8d4,ama,g0a265a31ecd960f,OUTBOUND,,,,,,,,,,,,,,,,,,,,
Approved,01_21_2020_10_51_20_AM,21247,1/20/2020,A5e260c52cc888,1,EPIB,energyplus,IB,Alex_Christopher,Wilcox,282291 Jeffrey Carrillo St.,Waverly,PA,18471,,DUQ,7621840,ama,,OUTBOUND,,,,,,,,,,,,,,,,,,,,
Approved,01_21_2020_10_51_22_AM,21249,1/20/2020,A5e260c7c95139,1,EPIB,energyplus,IB,Alex_Jeffrey,Washington,22498 Michael Moran St.,Newmanstown,PA,17073,,MetEd,9f5edd8,ama,,OUTBOUND,,,,,,,,,,,,,,,,,,,,
Approved,01_21_2020_10_51_25_AM,21285,1/20/2020,A5e260f8288680,1,EPIB,energyplus,IB,Alex_Donald,Pineda,213051 Michelle Davis St.,Antes Fort,PA,17720,,DUQ,a4d89cf,ama,,OUTBOUND,,,,,,,,,,,,,,,,,,,,
Approved,01_21_2020_10_51_28_AM,21287,1/20/2020,A5e260fab1b77a,1,EPIB,energyplus,IB,Alex_Christopher,Harris,516889 John Frank St.,Oneida,PA,18242,,MetEd,ced8f3b,ama,,OUTBOUND,,,,,,,,,,,,,,,,,,,,
Approved,01_21_2020_10_51_32_AM,21289,1/20/2020,A5e260fd33f89b,1,EPIB,energyplus,IB,Alex_John,Castillo,673771 Christopher Brooks St.,Stahlstown,PA,15687,,PECO,f5ac8af,ama,,OUTBOUND,,,,,,,,,,,,,,,,,,,,
Approved,01_21_2020_10_51_35_AM,21291,1/20/2020,A5e260ff995d69,1,EPIB,energyplus,IB,Alex_Mark,Mendoza,555880 Robert Mccoy St.,Dushore,PA,18614,,Penelec,1c5efd9,ama,,OUTBOUND,,,,,,,,,,,,,,,,,,,,
Approved,01_21_2020_10_51_37_AM,21293,1/20/2020,A5e2610212395a,1,EPIB,energyplus,IB,Alex_Holly,White,534720 Melanie Jackson St.,Schellsburg,PA,15559,,PPL,3fc85df,ama,,OUTBOUND,,,,,,,,,,,,,,,,,,,,
Approved,01_21_2020_10_51_40_AM,21295,1/20/2020,A5e261041db917,1,EPIB,energyplus,IB,Alex_Tammy,Wright,957980 Edward Leonard St.,Saint Petersburg,PA,16054,,WPP,5cbeec9,ama,,OUTBOUND,,,,,,,,,,,,,,,,,,,,
Approved,01_21_2020_10_51_43_AM,21309,1/20/2020,A5e26114507b67,1,EPIB,energyplus,IB,Alex_Bruce,Flowers,105615 Natalie Reynolds St.,Duryea,PA,18642,,PECO,6e99963,ama,,OUTBOUND,,,,,,,,,,,,,,,,,,,,
FAILED,01_21_2020_10_51_45_AM,,,,,,,,,,,,,,,,,,,,,,,,,,,,,,,,,,,,,,,
Approved,01_21_2020_10_51_46_AM,21313,1/20/2020,A5e26117135f7c,1,EPIB,green_mountain_energy,IB,Alex_Linda,Simpson,647638 Travis Coffey St.,Gaithersburg,MD,20885,,BGE,8bdb23f,ama,2A0EE47F-E300,OUTBOUND,,,,,,,,,,,,,,,,,,,,
Approved,01_21_2020_10_51_48_AM,21321,1/20/2020,A5e2612069ae90,1,EPIB,green_mountain_energy,IB,Alex_Alexander,Contreras,911205 Kelsey Blair St.,Port Royal,PA,17082,,DUQ,23a7790,ama,2DCDE61E-E2AA,OUTBOUND,,,,,,,,,,,,,,,,,,,,
Approved,01_21_2020_10_51_51_AM,21323,1/20/2020,A5e26122b989c2,1,EPIB,green_mountain_energy,IB,Alex_Janet,Li,669516 Holly Watson St.,Pittsburgh,PA,15254,,MetEd,4810896,ama,0614FB8C-6A31,OUTBOUND,,,,,,,,,,,,,,,,,,,,
FAILED,01_21_2020_10_51_54_AM,21325,1/20/2020,A5e261250337da,1,EPIB,green_mountain_energy,IB,Alex_Kelly,Welch,450330 Dorothy Sanders St.,Blairs Mills,PA,17213,,PECO,6d15b6c,ama,0A295E24-EE7E,OUTBOUND,,,,,,,,,,,,,,,,,,,,
FAILED,01_21_2020_10_51_54_AM,21327,1/20/2020,A5e2612746b913,1,EPIB,green_mountain_energy,IB,Alex_Eduardo,Johnson,864344 Chad Robinson St.,Drumore,PA,17518,,Penelec,8fce984,ama,2B567D5A-5136,OUTBOUND,,,,,,,,,,,,,,,,,,,,
FAILED,01_21_2020_10_51_55_AM,21329,1/20/2020,A5e261292ee86c,1,EPIB,green_mountain_energy,IB,Alex_David,Thompson,357749 Patricia Morgan St.,Lewistown,PA,17044,,PPL,a9aa73f,ama,0DD6E0F4-F619,OUTBOUND,,,,,,,,,,,,,,,,,,,,
FAILED,01_21_2020_10_51_55_AM,21331,1/20/2020,A5e2612b0b8169,1,EPIB,green_mountain_energy,IB,Alex_Melissa,Crawford,71494 Amy Velasquez St.,Strongstown,PA,15957,,WPP,ce93fcb,ama,283D725F-D0B6,OUTBOUND,,,,,,,,,,,,,,,,,,,,
FAILED,01_21_2020_10_51_56_AM,21333,1/20/2020,A5e2612d62ef7d,1,EPIB,green_mountain_energy,IB,Alex_Jamie,Jones,310688 Nicholas Pitts St.,Warfordsburg,PA,17267,,Penn,f3eb9e5,ama,2BC36037-6224,OUTBOUND,,,,,,,,,,,,,,,,,,,,
Approved,01_21_2020_10_51_57_AM,21335,1/20/2020,A5e2612fbad3a1,1,EPIB,green_mountain_energy,IB,Alex_Stacey,Wang,887248 Melinda Marshall St.,Avon,NY,14414,,,1.96E+70,ama,g5d28ea65b24e4bd,OUTBOUND,,,,,,,,,,,,,,,,,,,,
Approved,01_21_2020_10_51_59_AM,21337,1/20/2020,A5e26132187134,1,EPIB,green_mountain_energy,IB,Alex_Joann,Jones,467483 Denise Jones St.,Mohawk,NY,13407,,J,407fe6b,ama,gfc7df13850d497a,OUTBOUND,,,,,,,,,,,,,,,,,,,,
Approved,01_21_2020_10_52_02_AM,21339,1/20/2020,A5e261347553b2,1,EPIB,green_mountain_energy,IB,Alex_Chelsea,Cuevas,665347 Tyler Frye St.,Spencertown,NY,12165,,,6521e9e,ama,g22246ec8a64a237,OUTBOUND,,,,,,,,,,,,,,,,,,,,
Approved,01_21_2020_10_52_04_AM,21341,1/20/2020,A5e26136d74904,1,EPIB,green_mountain_energy,IB,Alex_Jesus,Weaver,459551 Matthew Brown St.,Rochester,NY,14643,,,8aca6dd,ama,g5fa46d658feaa9a,OUTBOUND,,,,,,,,,,,,,,,,,,,,
Approved,01_21_2020_10_52_07_AM,21343,1/20/2020,A5e2613921b80d,1,EPIB,green_mountain_energy,IB,Alex_Cynthia,Dunn,839529 Michael Harrison St.,Hortonville,NY,12745,,,ae572af,ama,g240296cd5b192c8,OUTBOUND,,,,,,,,,,,,,,,,,,,,
Approved,01_21_2020_10_52_10_AM,21345,1/20/2020,A5e2613b15a843,1,EPIB,green_mountain_energy,IB,Alex_Teresa,Wheeler,956418 Robin Moon St.,Binghamton,NY,13903,,,c6dcece,ama,g9cf4471aaf2e802,OUTBOUND,,,,,,,,,,,,,,,,,,,,
Approved,01_21_2020_10_52_12_AM,21359,1/20/2020,A5e261498ce6a3,1,EPIB,green_mountain_energy,IB,Alex_Steven,May,695203 Christy Mata St.,Romeoville,IL,60441,,ComEd,b714049,ama,04566978-12C9,OUTBOUND,,,,,,,,,,,,,,,,,,,,
Approved,01_21_2020_10_52_15_AM,21361,1/20/2020,A5e2614bdd8747,1,EPIB,green_mountain_energy,IB,Alex_Marcus,Brown,578589 Candice Jensen St.,Buffalo Mills,PA,15534,,DUQ,e0975ea,ama,046C1528-33AA,OUTBOUND,,,,,,,,,,,,,,,,,,,,
FAILED,01_21_2020_10_52_18_AM,,,,,,,,,,,,,,,,,,,,,,,,,,,,,,,,,,,,,,,
Approved,01_21_2020_10_52_18_AM,21369,1/20/2020,A5e26151f23b92,1,EPIB,nrg_residential,IB,Alex_Eric,Adams,352685 Rebecca Gilbert MD St.,Sharpsburg,MD,21782,,BGE,41902db,ama,gc907718f5444468,OUTBOUND,,,,,,,,,,,,,,,,,,,,
Approved,01_21_2020_10_52_21_AM,21371,1/20/2020,A5e261547537fa,1,EPIB,nrg_residential,IB,Alex_Pamela,Marshall,837218 Jonathan Meyer St.,Hughesville,MD,20637,,PEPCO,64812c5,ama,g91d683214230ec1,OUTBOUND,,,,,,,,,,,,,,,,,,,,
Approved,01_21_2020_10_52_23_AM,21387,1/20/2020,A5e261655ac193,1,EPIB,nrg_residential,IB,Alex_Maureen,Mendoza,530413 Scott Love St.,Tremont,PA,17981,,DUQ,745916e,ama,gfceed9f96f94e73,OUTBOUND,,,,,,,,,,,,,,,,,,,,
Approved,01_21_2020_10_52_26_AM,21389,1/20/2020,A5e26167a09e17,1,EPIB,nrg_residential,IB,Alex_Max,Rodriguez,4467 Keith Lane St.,Edinboro,PA,16444,,MetEd,997f645,ama,g23dccfdc2d0499c,OUTBOUND,,,,,,,,,,,,,,,,,,,,
Approved,01_21_2020_10_52_29_AM,21391,1/20/2020,A5e26169e1bff6,1,EPIB,nrg_residential,IB,Alex_John,Perez,61925 Paul Garcia St.,Rogersville,PA,15359,,PECO,bd41b2b,ama,g702b8d8fb0d51f4,OUTBOUND,,,,,,,,,,,,,,,,,,,,
Approved,01_21_2020_10_52_31_AM,21393,1/20/2020,A5e2616c27be82,1,EPIB,nrg_residential,IB,Alex_James,Strickland,388495 Jennifer Flores St.,Apollo,PA,15613,,Penelec,e235ad0,ama,g11d117b6ec4eb86,OUTBOUND,,,,,,,,,,,,,,,,,,,,
Approved,01_21_2020_10_52_34_AM,21395,1/20/2020,A5e2616e715110,1,EPIB,nrg_residential,IB,Alex_Michelle,Davis,959528 Kathryn Oconnor St.,Ulysses,PA,16948,,PPL,060d01a,ama,gb41d589c63f7303,OUTBOUND,,,,,,,,,,,,,,,,,,,,
Approved,01_21_2020_10_52_37_AM,21397,1/20/2020,A5e26170c5efe4,1,EPIB,nrg_residential,IB,Alex_Lisa,Miller,224019 James Burke St.,Harrisburg,PA,17108,,WPP,2cbcc30,ama,g44e6fbbfb50c99b,OUTBOUND,,,,,,,,,,,,,,,,,,,,
Approved,01_21_2020_10_52_39_AM,21399,1/20/2020,A5e261731de50d,1,EPIB,nrg_residential,IB,Alex_Anthony,Quinn,945152 Karen Glass St.,Abell,MD,20606,,APMD,488f17b,ama,g0a012b46f613826,OUTBOUND,,,,,,,,,,,,,,,,,,,,
Approved,01_21_2020_10_52_42_AM,21405,1/20/2020,A5e26178e0dcbc,1,EPIB,nrg_residential,IB,Alex_Tara,Hill,219106 Wesley Russell St.,Rock Point,MD,20682,,BGG,ae9b6f0,ama,2B8DE72B-66D8,OUTBOUND,,,,,,,,,,,,,,,,,,,,
Approved,01_21_2020_10_52_45_AM,21407,1/20/2020,A5e2617b4b73d9,1,EPIB,nrg_residential,IB,Alex_Erica,Pena,419574 Jeffrey Hughes St.,Old Zionsville,PA,18068,,ugipng,d529f1a,ama,16830EA1-80A1,OUTBOUND,,,,,,,,,,,,,,,,,,,,
Approved,01_21_2020_10_52_47_AM,21409,1/20/2020,A5e2617daed1e2,1,EPIB,nrg_residential,IB,Alex_David,Davies,317040 Don Suarez St.,New Castle,PA,16107,,ugicpg,fdb5023,ama,11C62E01-E639,OUTBOUND,,,,,,,,,,,,,,,,,,,,
Approved,01_21_2020_10_52_50_AM,21413,1/20/2020,A5e2618023e673,1,EPIB,nrg_residential,IB,Alex_William,Cross,535172 Lauren Walker St.,Buck Hill Falls,PA,18323,,CGP,255bf3f,ama,068C31BD-39C0,OUTBOUND,,,,,,,,,,,,,,,,,,,,
Approved,01_21_2020_10_52_53_AM,21415,1/20/2020,A5e26182a6ff75,1,EPIB,nrg_residential,IB,Alex_Monica,Green,211602 Caleb Jones St.,Kingsley,PA,18826,,PECOGAS,4bcea2f,ama,07B7671E-0E2E,OUTBOUND,,,,,,,,,,,,,,,,,,,,
Approved,01_21_2020_10_52_55_AM,21417,1/20/2020,A5e261850c5887,1,EPIB,nrg_residential,IB,Alex_Lauren,Frazier,294105 Carlos Gonzales St.,James City,PA,16734,,NFGPA,6c5d5e0,ama,12A6B285-A405,OUTBOUND,,,,,,,,,,,,,,,,,,,,
Approved,01_21_2020_10_52_58_AM,21419,1/20/2020,A5e26186f63d20,1,EPIB,nrg_residential,IB,Alex_Tina,Williams,267573 Dustin Porter St.,Woodbury,PA,16695,,PGW,8a2d307,ama,2E5DB7D4-3F35,OUTBOUND,,,,,,,,,,,,,,,,,,,,
Approved,01_21_2020_10_53_01_AM,21421,1/20/2020,A5e26188ef3c93,1,EPIB,nrg_residential,IB,Alex_Zachary,Randolph,589377 Michael Gonzalez St.,Boalsburg,PA,16827,,PECO,bba54df,ama,gac94e5483669c56,OUTBOUND,,,,,,,,,,,,,,,,,,,,
FAILED,01_21_2020_10_53_03_AM,,,,,,,,,,,,,,,,,,,,,,,,,,,,,,,,,,,,,,,
Approved,01_21_2020_10_53_04_AM,21425,1/20/2020,A5e2618c0af7d4,1,EPIB,energyplus,IB,Alex_Glenn,Rasmussen,196968 Anthony Eaton St.,Albany,NY,12244,,J,deb9d00,ama,,OUTBOUND,,,,,,,,,,,,,,,,,,,,
Approved,01_21_2020_10_53_06_AM,21427,1/20/2020,A5e2618e3bd184,1,EPIB,energyplus,IB,Alex_Brent,Palmer,69140 Elizabeth Johnson St.,Mount Vernon,NY,10552,,,014528c,ama,,OUTBOUND,,,,,,,,,,,,,,,,,,,,
Approved,01_21_2020_10_53_09_AM,21429,1/20/2020,A5e2619077aae1,1,EPIB,energyplus,IB,Alex_James,Morgan,64071 Jacob Leonard St.,New York,NY,10276,,,26d9104,ama,,OUTBOUND,,,,,,,,,,,,,,,,,,,,
Approved,01_21_2020_10_53_12_AM,21431,1/20/2020,A5e26192c2a285,1,EPIB,energyplus,IB,Alex_Zachary,Brown,745661 Laurie Perez St.,Newfane,NY,14108,,A,48cd38e,ama,,OUTBOUND,,,,,,,,,,,,,,,,,,,,
Approved,01_21_2020_10_53_14_AM,21433,1/20/2020,A5e26194dcc1c8,1,EPIB,energyplus,IB,Alex_Wayne,Ritter,573153 Jessica Harris St.,Stone Ridge,NY,12484,,,6bed633,ama,,OUTBOUND,,,,,,,,,,,,,,,,,,,,
Approved,01_21_2020_10_53_17_AM,21435,1/20/2020,A5e261971373d8,1,EPIB,energyplus,IB,Alex_Kristin,Frye,494511 John Hartman St.,Ridgewood,NY,11385,,,8c07ad5,ama,,OUTBOUND,,,,,,,,,,,,,,,,,,,,
Approved,01_21_2020_10_53_20_AM,21437,1/20/2020,A5e26198ebd7b8,1,EPIB,energyplus,IB,Alex_Emma,Bennett,457765 Joseph Green St.,Beaver Meadows,PA,18216,,DUQ,a91da46,ama,,OUTBOUND,,,,,,,,,,,,,,,,,,,,
Approved,01_21_2020_10_53_22_AM,21439,1/20/2020,A5e2619abbafdc,1,EPIB,energyplus,IB,Alex_Shannon,Riley,445291 Edgar Golden St.,Brodheadsville,PA,18322,,MetEd,c926582,ama,,OUTBOUND,,,,,,,,,,,,,,,,,,,,
Approved,01_21_2020_10_53_25_AM,21441,1/20/2020,A5e2619cf000c0,1,EPIB,energyplus,IB,Alex_Cindy,Nichols,536612 Sarah Walker St.,Pittsburgh,PA,15270,,PECO,efce790,ama,,OUTBOUND,,,,,,,,,,,,,,,,,,,,
Approved,01_21_2020_10_53_28_AM,21445,1/20/2020,A5e261a049b068,1,EPIB,energyplus,IB,Alex_Regina,Williamson,810455 Michelle Kaiser St.,Monocacy Station,PA,19542,,PPL,2743a65,ama,,OUTBOUND,,,,,,,,,,,,,,,,,,,,
Approved,01_21_2020_10_53_30_AM,21447,1/20/2020,A5e261a2bc5c0c,1,EPIB,energyplus,IB,Alex_Sarah,Cooper,533202 Richard Price St.,Fleming,PA,16835,,WPP,4f00ab4,ama,,OUTBOUND,,,,,,,,,,,,,,,,,,,,
Approved,01_21_2020_10_53_33_AM,21449,1/20/2020,A5e261a37e07a3,1,EPIB,energyplus,IB,tester_Alex,tester_Alex,fhryvhsrch,Philadelphia,PA,19153,,Penelec,a9bc48a,ama,,OUTBOUND,,,,,,,,,,,,,,,,,,,,
Approved,01_21_2020_10_53_36_AM,21459,1/20/2020,A5e261ae13729e,1,EPIB,energyplus,IB,Alex_Joshua,Bowers,815919 Jasmine Scott St.,Hicksville,NY,11801,,,00bfac8,ama,,OUTBOUND,,,,,,,,,,,,,,,,,,,,
Approved,01_21_2020_10_53_38_AM,21461,1/20/2020,A5e261b061cec1,1,EPIB,energyplus,IB,Alex_Christopher,Houston,841749 Mathew Fisher St.,Hoosick Falls,NY,12090,,,2345fd0,ama,,OUTBOUND,,,,,,,,,,,,,,,,,,,,
Approved,01_21_2020_10_53_41_AM,21463,1/20/2020,A5e261b2ab5606,1,EPIB,energyplus,IB,Alex_Darlene,Jimenez,500740 Alexander Sims St.,Holland Patent,NY,13354,,,4742c9d,ama,,OUTBOUND,,,,,,,,,,,,,,,,,,,,
Approved,01_21_2020_10_53_44_AM,21465,1/20/2020,A5e261b4bf396c,1,EPIB,energyplus,IB,Alex_James,Gonzalez,299458 John Silva St.,Mannsville,NY,13661,,,6a90cc3,ama,,OUTBOUND,,,,,,,,,,,,,,,,,,,,
Approved,01_21_2020_10_53_46_AM,21467,1/20/2020,A5e261b6f090e4,1,EPIB,green_mountain_energy,IB,Alex_Austin,Solis,608864 Brent Hall St.,Frederick,MD,21704,,BGE,8b4c034,ama,04C68B31-9F6F,OUTBOUND,,,,,,,,,,,,,,,,,,,,
Approved,01_21_2020_10_53_49_AM,21469,1/20/2020,A5e261b92ac244,1,EPIB,green_mountain_energy,IB,Alex_Glen,Gibson,121780 Jimmy Young St.,Freeland,MD,21053,,delmarva,af77f15,ama,44641A28-3163,OUTBOUND,,,,,,,,,,,,,,,,,,,,
Approved,01_21_2020_10_53_52_AM,21471,1/20/2020,A5e261bb7ccd68,1,EPIB,green_mountain_energy,IB,Alex_David,Watson,672607 Anthony Wilcox St.,Oxon Hill,MD,20745,,PEPCO,d40c60c,ama,4626AFC8-A739,OUTBOUND,,,,,,,,,,,,,,,,,,,,
Approved,01_21_2020_10_53_54_AM,21479,1/20/2020,A5e261c424031c,1,EPIB,green_mountain_energy,IB,Alex_Daniel,Bonilla,459228 Robert Smith St.,Forbes Road,PA,15633,,DUQ,5eb6f0c,ama,046C1528-33AA,OUTBOUND,,,,,,,,,,,,,,,,,,,,
Approved,01_21_2020_10_53_57_AM,21481,1/20/2020,A5e261c65b9fc3,1,EPIB,green_mountain_energy,IB,Alex_Jason,Lee,888665 Deanna Ortiz St.,Rebersburg,PA,16872,,MetEd,81bcbe5,ama,06DB3056-49B7,OUTBOUND,,,,,,,,,,,,,,,,,,,,
Approved,01_21_2020_10_54_00_AM,21483,1/20/2020,A5e261c8a2b6dc,1,EPIB,green_mountain_energy,IB,Alex_Nancy,Delgado,373503 Dawn Simmons St.,Poyntelle,PA,18454,,PECO,a6293b0,ama,0F541B2C-4AD9,OUTBOUND,,,,,,,,,,,,,,,,,,,,
Approved,01_21_2020_10_54_02_AM,21485,1/20/2020,A5e261cad8998c,1,EPIB,green_mountain_energy,IB,Alex_Danielle,Fox,917055 Holly Patterson St.,Newville,PA,17241,,Penelec,ca99c13,ama,2B567D5A-5136,OUTBOUND,,,,,,,,,,,,,,,,,,,,
Approved,01_21_2020_10_54_05_AM,21487,1/20/2020,A5e261cd2cd9e0,1,EPIB,green_mountain_energy,IB,Alex_Christina,Everett,948119 Lisa May St.,Plymouth,PA,18651,,PPL,f01d906,ama,0677E0B3-198A,OUTBOUND,,,,,,,,,,,,,,,,,,,,
Approved,01_21_2020_10_54_08_AM,21489,1/20/2020,A5e261cf8a19df,1,EPIB,green_mountain_energy,IB,Alex_Carlos,Fisher,371092 Erica Marquez St.,Philadelphia,PA,19187,,WPP,127eef5,ama,2B873474-0B6F,OUTBOUND,,,,,,,,,,,,,,,,,,,,
Approved,01_21_2020_10_54_10_AM,21491,1/20/2020,A5e261d153847d,1,EPIB,green_mountain_energy,IB,Alex_Samantha,Gaines,123603 Laura Williams St.,Philadelphia,PA,19126,,Penn,2c5ee60,ama,2BC36037-6224,OUTBOUND,,,,,,,,,,,,,,,,,,,,
Approved,01_21_2020_10_54_13_AM,21493,1/20/2020,A5e261d2f952a8,1,EPIB,green_mountain_energy,IB,Alex_Sarah,Price,972496 Jeffrey Morris St.,West Babylon,NY,11704,,,4c2f30d,ama,g5d28ea65b24e4bd,OUTBOUND,,,,,,,,,,,,,,,,,,,,
Approved,01_21_2020_10_54_16_AM,21495,1/20/2020,A5e261d5318fff,1,EPIB,green_mountain_energy,IB,Alex_Sherri,Manning,459733 Johnny Miranda St.,East Setauket,NY,11733,,J,6f89aa1,ama,gc2a86deb0229e2b,OUTBOUND,,,,,,,,,,,,,,,,,,,,
Approved,01_21_2020_10_54_19_AM,21497,1/20/2020,A5e261d76d85df,1,EPIB,green_mountain_energy,IB,Alex_Patrick,Butler,277922 Edward Carpenter St.,Westtown,NY,10998,,,943f637,ama,g6fd916bf0a825df,OUTBOUND,,,,,,,,,,,,,,,,,,,,
Approved,01_21_2020_10_54_22_AM,21499,1/20/2020,A5e261d9bed0a4,1,EPIB,green_mountain_energy,IB,Alex_Jennifer,Brennan,781047 Adam Romero St.,Flushing,NY,11355,,,b83dbdc,ama,g8890c73f1f3260a,OUTBOUND,,,,,,,,,,,,,,,,,,,,
Approved,01_21_2020_10_54_25_AM,21501,1/20/2020,A5e261dbeeac07,1,EPIB,green_mountain_energy,IB,Alex_Mark,Bryan,856247 Claire Williams St.,Great Neck,NY,11027,,,dc0c06b,ama,gd34af092cb8573f,OUTBOUND,,,,,,,,,,,,,,,,,,,,
Approved,01_21_2020_10_54_27_AM,21503,1/20/2020,A5e261de37bded,1,EPIB,green_mountain_energy,IB,Alex_Kevin,Mcintosh,604545 Michelle Greene St.,Center Moriches,NY,11934,,,ffd01ae,ama,ge66fb986077c443,OUTBOUND,,,,,,,,,,,,,,,,,,,,
Approved,01_21_2020_10_54_30_AM,21513,1/20/2020,A5e261e83db5b2,1,EPIB,green_mountain_energy,IB,Alex_William,Mack,729068 Kaitlyn Goodwin St.,Chicago Heights,IL,60412,,ComEd,a101061,ama,04566978-12C9,OUTBOUND,,,,,,,,,,,,,,,,,,,,
Approved,01_21_2020_10_54_33_AM,21515,1/20/2020,A5e261ea7d4ed0,1,EPIB,green_mountain_energy,IB,Alex_Luis,James,930390 Nathan Dunn St.,Horsham,PA,19044,,DUQ,c41977b,ama,046C1528-33AA,OUTBOUND,,,,,,,,,,,,,,,,,,,,
Approved,01_21_2020_10_54_36_AM,21517,1/20/2020,A5e261ecc8c008,1,EPIB,green_mountain_energy,IB,Alex_Gary,Guzman,163055 Emily Jacobs St.,Shorewood,IL,60431,,nicor,e9e47a0,ama,0D1CD2A3-BDCE,OUTBOUND,,,,,,,,,,,,,,,,,,,,
Approved,01_21_2020_10_54_39_AM,21519,1/20/2020,A5e261ef1d256d,1,EPIB,green_mountain_energy,IB,Alex_Sheryl,Villarreal,154839 Andrea Dawson St.,Joliet,IL,60432,,peopgasil,0e3a5a2,ama,00F458F1-E34E,OUTBOUND,,,,,,,,,,,,,,,,,,,,
Approved,01_21_2020_10_54_41_AM,21521,1/20/2020,A5e261f14e4401,1,EPIB,green_mountain_energy,IB,Alex_Derek,Smith,177262 Edwin Moore St.,Callaway,MD,20620,,BGG,337bd3f,ama,0147629B-7426,OUTBOUND,,,,,,,,,,,,,,,,,,,,
Approved,01_21_2020_10_54_44_AM,21523,1/20/2020,A5e261f3a77b07,1,EPIB,green_mountain_energy,IB,Alex_Jose,Brown,942482 Sean Delgado St.,Grand Gorge,NY,12434,,,5637ee0,ama,03C14258-8ADE,OUTBOUND,,,,,,,,,,,,,,,,,,,,
Approved,01_21_2020_10_54_47_AM,21525,1/20/2020,A5e261f5de4dff,1,EPIB,green_mountain_energy,IB,Alex_Melissa,Walters,678005 James Cook St.,Margaretville,NY,12455,,,77310c0,ama,41DE1E7E-EE55,OUTBOUND,,,,,,,,,,,,,,,,,,,,
Approved,01_21_2020_10_54_49_AM,21527,1/20/2020,A5e261f7a5ceab,1,EPIB,green_mountain_energy,IB,Alex_Eric,Williams,184768 Charles Singh St.,New York,NY,10265,,,9195b90,ama,03183945-584E,OUTBOUND,,,,,,,,,,,,,,,,,,,,
Approved,01_21_2020_10_54_52_AM,21529,1/20/2020,A5e261f9985751,1,EPIB,green_mountain_energy,IB,Alex_Jake,Castillo,21693 Spencer Gonzalez St.,Harrisburg,PA,17129,,ugig,b5dcd04,ama,03DBB937-5AD4,OUTBOUND,,,,,,,,,,,,,,,,,,,,
Approved,01_21_2020_10_54_55_AM,21531,1/20/2020,A5e261fbd5b5cd,1,EPIB,green_mountain_energy,IB,Alex_Daniel,Dennis,719026 Ashley Fields St.,Weedville,PA,15868,,ugipng,d9cb892,ama,15114E85-0099,OUTBOUND,,,,,,,,,,,,,,,,,,,,
Approved,01_21_2020_10_54_57_AM,21533,1/20/2020,A5e261fe28cf8a,1,EPIB,green_mountain_energy,IB,Alex_James,Juarez,277472 Gilbert Marsh St.,Mount Carmel,PA,17851,,PECOGAS,015bbdd,ama,05D00E17-1EC4,OUTBOUND,,,,,,,,,,,,,,,,,,,,
Approved,01_21_2020_10_55_00_AM,21535,1/20/2020,A5e26200808215,1,EPIB,green_mountain_energy,IB,Alex_Rachel,Harvey,768226 Christopher Jones St.,Philadelphia,PA,19145,,PGW,24a725f,ama,07907929-A9A7,OUTBOUND,,,,,,,,,,,,,,,,,,,,
Approved,01_21_2020_10_55_03_AM,21549,1/20/2020,A5e2620f2b0174,1,EPIB,nrg_residential,IB,Alex_Jason,Jones,409185 Michael Lee St.,Ligonier,PA,15658,,DUQ,10384b4,ama,g7a920c7bde0de8c,OUTBOUND,,,,,,,,,,,,,,,,,,,,
Approved,01_21_2020_10_55_06_AM,21551,1/20/2020,A5e2621153406a,1,EPIB,nrg_residential,IB,Alex_Beth,Bean,719467 Frederick Anderson St.,Mifflinburg,PA,17844,,MetEd,3392e8f,ama,g49396366b20e0e1,OUTBOUND,,,,,,,,,,,,,,,,,,,,
Approved,01_21_2020_10_55_08_AM,21553,1/20/2020,A5e26213866d29,1,EPIB,nrg_residential,IB,Alex_Lauren,Farrell,519136 Katherine Jackson St.,Bowmanstown,PA,18030,,PECO,56e6891,ama,gce65822bafa26ab,OUTBOUND,,,,,,,,,,,,,,,,,,,,
Approved,01_21_2020_10_55_11_AM,21555,1/20/2020,A5e26215c8a74d,1,EPIB,nrg_residential,IB,Alex_Jesse,Moore,498064 Charles Gilmore St.,Boyers,PA,16017,,Penelec,7a13050,ama,gd6d352ec66abbfc,OUTBOUND,,,,,,,,,,,,,,,,,,,,
Approved,01_21_2020_10_55_14_AM,21557,1/20/2020,A5e26217fe7876,1,EPIB,nrg_residential,IB,Alex_Diane,Curry,984680 Nathan Steele St.,Orangeville,PA,17859,,PPL,9e5501b,ama,gdff4d2a02bbbde8,OUTBOUND,,,,,,,,,,,,,,,,,,,,
Approved,01_21_2020_10_55_16_AM,21559,1/20/2020,A5e2621a318adf,1,EPIB,nrg_residential,IB,Alex_Aaron,Roberts,958664 Sharon Evans St.,Halifax,PA,17032,,WPP,bf51525,ama,gfc37c4f3655f9b2,OUTBOUND,,,,,,,,,,,,,,,,,,,,
Approved,01_21_2020_10_55_19_AM,21561,1/20/2020,A5e2621c1921f0,1,EPIB,nrg_residential,IB,Alex_Matthew,Campbell,578620 Crystal Weiss St.,Brentwood,MD,20722,,APMD,d746f3a,ama,g08b84eabdb08a5a,OUTBOUND,,,,,,,,,,,,,,,,,,,,
Approved,01_21_2020_10_55_22_AM,21573,1/20/2020,A5e262284ed8a2,1,EPIB,nrg_residential,IB,Alex_Kirk,Watkins,563539 Charles Smith St.,Hyattsville,MD,20788,,BGG,a3ce80d,ama,09082074-B3DC,OUTBOUND,,,,,,,,,,,,,,,,,,,,
Approved,01_21_2020_10_55_24_AM,21575,1/20/2020,A5e2622a9dcb7b,1,EPIB,nrg_residential,IB,Alex_Sarah,Pham,236851 Sean Watson St.,Cooksville,MD,21723,,WGL,c8838b7,ama,120E1B42-B536,OUTBOUND,,,,,,,,,,,,,,,,,,,,
Approved,01_21_2020_10_55_27_AM,21577,1/20/2020,A5e2622cd51ba3,1,EPIB,nrg_residential,IB,Alex_Ryan,Hardin,730439 Erica White St.,Harrisburg,PA,17104,,ugipng,ee61763,ama,412A573E-76D0,OUTBOUND,,,,,,,,,,,,,,,,,,,,
Approved,01_21_2020_10_55_30_AM,21579,1/20/2020,A5e2622f1029b1,1,EPIB,nrg_residential,IB,Alex_Jamie,Brooks,677358 Felicia Hogan St.,Wendel,PA,15691,,ugicpg,952631,ama,26F346E4-533A,OUTBOUND,,,,,,,,,,,,,,,,,,,,
Approved,01_21_2020_10_55_33_AM,21581,1/20/2020,A5e26230d5828b,1,EPIB,nrg_residential,IB,Alex_Darren,Edwards,316570 Jared Ruiz St.,Clarington,PA,15828,,CGP,29e6bc4,ama,14842825-8E7F,OUTBOUND,,,,,,,,,,,,,,,,,,,,
Approved,01_21_2020_10_55_35_AM,21583,1/20/2020,A5e26232ec583a,1,EPIB,nrg_residential,IB,Alex_Barry,Hart,807472 David Jones St.,Eagleville,PA,19408,,PECOGAS,4dc97bb,ama,0D39A089-4957,OUTBOUND,,,,,,,,,,,,,,,,,,,,
Approved,01_21_2020_10_55_38_AM,21585,1/20/2020,A5e2623538c8f8,1,EPIB,nrg_residential,IB,Alex_Sean,Sheppard,454101 Greg Pena St.,Rixford,PA,16745,,NFGPA,7223f9c,ama,2C7A7615-317C,OUTBOUND,,,,,,,,,,,,,,,,,,,,
Approved,01_21_2020_10_55_41_AM,21587,1/20/2020,A5e262377a4544,1,EPIB,nrg_residential,IB,Alex_Jerry,Frey,937783 Taylor Shepherd St.,Upper Black Eddy,PA,18972,,PGW,977dfd8,ama,1A0082BB-FDF2,OUTBOUND,,,,,,,,,,,,,,,,,,,,
Approved,01_21_2020_10_55_43_AM,21599,1/20/2020,A5e26243fc9702,1,EPIB,nrg_residential,IB,Alex_Michelle,Scott,184416 Erik Perez St.,Warren,OH,44485,,CGO,5d11d7b,ama,20D17CC1-B5C8,OUTBOUND,,,,,,,,,,,,,,,,,,,,
Approved,01_21_2020_10_55_46_AM,21601,1/20/2020,A5e2624624e05f,1,EPIB,nrg_residential,IB,Alex_Christopher,Hernandez,889902 Melissa Turner St.,Lindsey,OH,43442,,DKE,8289061,ama,0EBEFE26-68A4,OUTBOUND,,,,,,,,,,,,,,,,,,,,
Approved,01_21_2020_10_55_49_AM,21603,1/20/2020,A5e262487bfced,1,EPIB,nrg_residential,IB,Alex_Ashley,Cole,235226 Chad Anthony St.,Dayton,OH,45405,,DEO,a635ac2,ama,5532E983-D5E8,OUTBOUND,,,,,,,,,,,,,,,,,,,,
Approved,01_21_2020_10_55_51_AM,21605,1/20/2020,A5e2624ab5d0aa,1,EPIB,nrg_residential,IB,Alex_Mary,Underwood,244041 Matthew Hansen St.,Lake Como,PA,18437,,CGP,cb52280,ama,14842825-8E7F,OUTBOUND,,,,,,,,,,,,,,,,,,,,
Approved,01_21_2020_10_55_54_AM,21607,1/20/2020,A5e2624d2db038,1,EPIB,nrg_residential,IB,Alex_Patricia,Obrien,840128 Randy Carr St.,Elizabeth,PA,15037,,peopgas,f23e42f,ama,0DE61D43-2131,OUTBOUND,,,,,,,,,,,,,,,,,,,,
Approved,01_21_2020_10_55_57_AM,21609,1/20/2020,A5e2624f70db16,1,EPIB,nrg_residential,IB,Alex_Gregory,Morgan,596715 Anthony Martinez St.,Norristown,PA,19489,,ugig,177861d,ama,0AC2786C-F575,OUTBOUND,,,,,,,,,,,,,,,,,,,,
Approved,01_21_2020_10_55_59_AM,21611,1/20/2020,A5e26251d349ae,1,EPIB,nrg_residential,IB,Alex_Alexander,Johnston,508837 Hayley Reese St.,Scranton,PA,18512,,ugicpg,3e248e4,ama,0DCE8766-1E1B,OUTBOUND,,,,,,,,,,,,,,,,,,,,
Approved,01_21_2020_10_56_02_AM,21613,1/20/2020,A5e262542de385,1,EPIB,nrg_residential,IB,Alex_Jason,Torres,213431 Kim Miller St.,Creamery,PA,19430,,ugipng,5c7167d,ama,04509BB2-DCE0,OUTBOUND,,,,,,,,,,,,,,,,,,,,
Approved,01_21_2020_10_56_05_AM,21615,1/20/2020,A5e26255ec92e6,1,EPIB,nrg_residential,IB,Alex_Helen,Gonzalez,644010 Michele Mills St.,Erie,PA,16515,,PECOGAS,7e8094d,ama,0D2B3A45-896F,OUTBOUND,,,,,,,,,,,,,,,,,,,,
Approved,01_21_2020_10_56_08_AM,21617,1/20/2020,A5e262584d1137,1,EPIB,nrg_residential,IB,Alex_Robert,Guerra,900250 Travis Rodgers St.,Koppel,PA,16136,,PGW,a58f64e,ama,1A0082BB-FDF2,OUTBOUND,,,,,,,,,,,,,,,,,,,,
Approved,01_21_2020_10_56_10_AM,21619,1/20/2020,A5e2625ab64397,1,EPIB,nrg_residential,IB,Alex_Debbie,Rosales,790052 Lucas Anderson St.,New Geneva,PA,15467,,NFGPA,cb42ac3,ama,44E8A8BE-FB59,OUTBOUND,,,,,,,,,,,,,,,,,,,,
Approved,01_21_2020_10_56_13_AM,21621,1/20/2020,A5e2625d0dbd0c,1,EPIB,nrg_residential,IB,Alex_Renee,Myers,160407 Peter Oliver St.,Ringtown,PA,17967,,PECO,f113a88,ama,gac94e5483669c56,OUTBOUND,,,,,,,,,,,,,,,,,,,,
Approved,01_21_2020_10_56_16_AM,21623,1/20/2020,A5e2625f72166b,1,EPIB,nrg_residential,IB,Alex_Olivia,Mercer,821095 Ashley Brown St.,Middletown,DE,19709,,DPLDE,16432b3,ama,g4adc5b17ed5146e,OUTBOUND,,,,,,,,,,,,,,,,,,,,
Approved,01_21_2020_10_56_18_AM,21631,1/20/2020,A5e262679d7957,1,EPIB,nrg_residential,IB,Alex_Emily,Boyd,77150 Chad Shaw St.,Libertytown,MD,21762,,PEPCO,8fc8abc,ama,ged2d635c0e6a864,OUTBOUND,,,,,,,,,,,,,,,,,,,,
Approved,01_21_2020_10_56_21_AM,21633,1/20/2020,A5e26269309afd,1,EPIB,nrg_residential,IB,Alex_Lauren,Wright,753005 Bernard Larsen St.,Christiansburg,OH,45389,,CEI,b020b95,ama,03BF52E1-51DC,OUTBOUND,,,,,,,,,,,,,,,,,,,,
Approved,01_21_2020_10_56_24_AM,21635,1/20/2020,A5e2626b441733,1,EPIB,nrg_residential,IB,Alex_Peter,Bass,352908 Isaac Hardy St.,New Concord,OH,43762,,OE,d1c10ee,ama,1521E10C-C6C9,OUTBOUND,,,,,,,,,,,,,,,,,,,,
Approved,01_21_2020_10_56_27_AM,21637,1/20/2020,A5e2626d654b31,1,EPIB,nrg_residential,IB,Alex_Nathan,Morse,649820 Nancy Cole St.,Powhatan Point,OH,43942,,TE,f3e8aff,ama,g2cbcb3b22375d10,OUTBOUND,,,,,,,,,,,,,,,,,,,,
Approved,01_21_2020_10_56_29_AM,21639,1/20/2020,A5e2626f985232,1,EPIB,nrg_residential,IB,Alex_Michael,Murphy,178528 Anthony Brown St.,Kenton,OH,43326,,AEPN,16c6b78,ama,g1711c6eaeaea8a0,OUTBOUND,,,,,,,,,,,,,,,,,,,,
Approved,01_21_2020_10_56_32_AM,21641,1/20/2020,A5e26271b9d7e2,1,EPIB,nrg_residential,IB,Alex_Shawn,Cervantes,474732 Gail Potter St.,Garrettsville,OH,44231,,DPL,3a43e3f,ama,g8a4a87d023248ff,OUTBOUND,,,,,,,,,,,,,,,,,,,,
Approved,01_21_2020_10_56_35_AM,21643,1/20/2020,A5e26273f0904a,1,EPIB,cirro,IB,Alex_Jonathan,Wheeler,313657 Kylie Perez St.,Wayne,PA,19088,,PPL,5caa301,ama,g0a265a31ecd960f,OUTBOUND,,,,,,,,,,,,,,,,,,,,
Approved,01_21_2020_10_56_37_AM,21645,1/20/2020,A5e26276400d15,1,EPIB,cirro,IB,Alex_Randall,Peters,832628 Jonathan Peterson St.,Wagontown,PA,19376,,DUQ,7fc8704,ama,gaa6419eca664a48,OUTBOUND,,,,,,,,,,,,,,,,,,,,
Approved,01_21_2020_10_56_40_AM,21647,1/20/2020,A5e262786dcf83,1,EPIB,cirro,IB,Alex_Ethan,Hicks,393665 Michael Vincent St.,Bear Creek,PA,18602,,PECO,9f0bfc4,ama,g1e820f7ab3b5da1,OUTBOUND,,,,,,,,,,,,,,,,,,,,
Approved,01_21_2020_10_56_43_AM,21649,1/20/2020,A5e2627a1f1448,1,EPIB,cirro,IB,Alex_Teresa,Little,565588 Breanna Smith St.,Pittsburgh,PA,15215,,Penn,b760f27,ama,ge7da7c662dd840d,OUTBOUND,,,,,,,,,,,,,,,,,,,,
Approved,01_21_2020_10_56_46_AM,21651,1/20/2020,A5e2627bbb400b,1,EPIB,cirro,IB,Alex_Alec,Gross,776558 Scott Barrera St.,State Line,PA,17263,,WPP,d92450e,ama,gc6cde043f36bd71,OUTBOUND,,,,,,,,,,,,,,,,,,,,
Approved,01_21_2020_10_56_48_AM,21653,1/20/2020,A5e2627dfdeb98,1,EPIB,cirro,IB,Alex_Kimberly,Brown,646577 Michele Wilkins St.,Brodheadsville,PA,18322,,Penelec,fef409f,ama,g758090088361f50,OUTBOUND,,,,,,,,,,,,,,,,,,,,
Approved,01_21_2020_10_56_51_AM,21655,1/20/2020,A5e26280713d97,1,EPIB,cirro,IB,Alex_Daniel,Shannon,586689 Kimberly Rios St.,Bendersville,PA,17306,,MetEd,2709711,ama,g203038d8b63f269,OUTBOUND,,,,,,,,,,,,,,,,,,,,
Approved,01_21_2020_10_56_54_AM,21657,1/20/2020,A5e26282f3d9e8,1,EPIB,nrg_residential,IB,Alex_Daniel,Mckee,283196 Deborah Curry St.,Fort Littleton,PA,17223,,Penn,51afe0a,ama,g09a0784f87756b8,OUTBOUND,,,,,,,,,,,,,,,,,,,,
Approved,01_21_2020_10_56_56_AM,21659,1/20/2020,A5e26285815f9f,1,EPIB,nrg_residential,IB,Alex_Dennis,Adkins,668102 David Garcia St.,Austinburg,OH,44010,,DKE Elec,78860dd,ama,g464d512e147045e,OUTBOUND,,,,,,,,,,,,,,,,,,,,
Approved,01_21_2020_10_56_59_AM,21661,1/20/2020,A5e26287d21785,1,EPIB,green_mountain_energy,IB,Alex_Anthony,Grant,890238 Johnathan Garza St.,Pocomoke City,MD,21851,,APMD,99ea185,ama,44A1FE28-1F9D,OUTBOUND,,,,,,,,,,,,,,,,,,,,
Approved,01_21_2020_10_57_02_AM,21663,1/20/2020,A5e2628a13dec6,1,EPIB,green_mountain_energy,IB,Alex_Elizabeth,Barr,467281 Robert Davis St.,Thurmont,MD,21788,,delmarva,bcc1ec6,ama,44641A28-3163,OUTBOUND,,,,,,,,,,,,,,,,,,,,
Approved,01_21_2020_10_57_05_AM,21665,1/20/2020,A5e2628c497a06,1,EPIB,green_mountain_energy,IB,Alex_Lisa,Hall,427935 Donna Hamilton St.,Bryans Road,MD,20616,,PEPCO,db92b9d,ama,4626AFC8-A739,OUTBOUND,,,,,,,,,,,,,,,,,,,,
Approved,01_21_2020_10_57_07_AM,21667,1/20/2020,A5e2628df190de,1,EPIB,nrg_residential,IB,Alex_Emily,Henderson,626948 Lindsey Collins St.,Blanchester,OH,45107,,DKE Elec,f86fd3e,ama,g464d512e147045e,OUTBOUND,,,,,,,,,,,,,,,,,,,,
Approved,01_21_2020_10_57_25_AM,21325,1/20/2020,A5e261250337da,1,EPIB,green_mountain_energy,IB,Alex_Kelly,Welch,450330 Dorothy Sanders St.,Blairs Mills,PA,17213,,PECO,6d15b6c,ama,0A295E24-EE7E,OUTBOUND,,,,,,,,,,,,,,,,,,,,
FAILED,01_21_2020_10_57_28_AM,21327,1/20/2020,A5e2612746b913,1,EPIB,green_mountain_energy,IB,Alex_Eduardo,Johnson,864344 Chad Robinson St.,Drumore,PA,17518,,Penelec,8fce984,ama,2B567D5A-5136,OUTBOUND,,,,,,,,,,,,,,,,,,,,
Approved,01_21_2020_10_57_31_AM,21329,1/20/2020,A5e261292ee86c,1,EPIB,green_mountain_energy,IB,Alex_David,Thompson,357749 Patricia Morgan St.,Lewistown,PA,17044,,PPL,a9aa73f,ama,0DD6E0F4-F619,OUTBOUND,,,,,,,,,,,,,,,,,,,,
Approved,01_21_2020_10_57_33_AM,21331,1/20/2020,A5e2612b0b8169,1,EPIB,green_mountain_energy,IB,Alex_Melissa,Crawford,71494 Amy Velasquez St.,Strongstown,PA,15957,,WPP,ce93fcb,ama,283D725F-D0B6,OUTBOUND,,,,,,,,,,,,,,,,,,,,
Approved,01_21_2020_10_57_36_AM,21333,1/20/2020,A5e2612d62ef7d,1,EPIB,green_mountain_energy,IB,Alex_Jamie,Jones,310688 Nicholas Pitts St.,Warfordsburg,PA,17267,,Penn,f3eb9e5,ama,2BC36037-6224,OUTBOUND,,,,,,,,,,,,,,,,,,,,
Approved,01_21_2020_11_05_03_AM,21327,2020-01-20,A5e2612746b913,001,EPIB,green_mountain_energy,IB,Alex_Eduardo,Johnson,864344 Chad Robinson St.,Drumore,PA,17518,,Penelec,8fce984,ama,2B567D5A-5136,OUTBOUND
