utility,state,database
CEI,OH,epenet
OE,OH,epenet
Ameren,IL,epenet
RECO,NJ,epenet
UGIG,PA,epenet
NICOR,IL,epenet
BGG,MD,epenet
WGL,MD,epenet
COLPAG,PA,epenet
PNGPA,PA,epenet
PECO-GAS,PA,epenet
PGW,PA,epenet
NFGPA,PA,epenet
COLOHG,OH,epenet
DUKEOHG,OH,epenet
DEOHG,OH,epenet
PEOPGAS,IL,epenet
PSEG Gas,NJ,epenet
SJersey,NJ,epenet
NIMO-GAS,NY,epenet
NYSEG-GAS,NY,epenet
NJNG,NJ,epenet
CONED-GAS,NY,epenet
ORU-GAS,NY,epenet
KEDNY,NY,epenet
PPL,PA,epenet
meted,PA,sap
pepcodc,DC,sap
dpl,OH,sap
duq,PA,sap
peco,PA,sap
pseg,NJ,sap
aeps,OH,sap
penn,PA,sap
beco,MA,sap
wpp,PA,sap
wmeco,MA,sap
come,MA,sap
camb,MA,sap
jcpl,NJ,sap
rge,NY,sap
dplde,DE,sap
penelec,PA,sap
chu,NY,sap
reco,NJ,sap
oe,OH,sap
apmd,MD,sap
delmarva,MD,sap
pepco,MD,sap
nyseg,NY,sap
bge,MD,sap
meco,MA,sap
coned,NY,sap
dukeoh,OH,sap
ppl,PA,sap
te,OH,sap
oru,NY,sap
cei,OH,sap
aepn,OH,sap
ngrid,NY,sap
comed,IL,sap
ngntkt,MA,sap
ace,NJ,sap
ui,CT,sap
clp,CT,sap
