address,conf_number,idoc,sku,order_status
686844 Abigail Hunter St.,E1-GEY-YWM,0000007556914453,g016326d1d617190,completed
225394 Melanie Carey St.,E1-JRQ-QWX,0000007556914455,g016326d1d617190,completed
105118 Amanda Solomon St.,E1-G4L-LQY,0000007556914454,g016326d1d617190,completed
981504 Megan Burns St.,E1-G6E-EKW,0000007556914456,g016326d1d617190,completed
578589 Marcus Benjamin St.,E1-JL9-9WK,0000007556914457,g021f769c968065e,completed
903156 Judy Eaton St.,E1-J8E-EAV,0000007556914460,g021f769c968065e,completed
506184 Tina Martinez St.,E1-JQM-MWE,0000007556914459,g021f769c968065e,completed
81907 Kaylee Kelly St.,E1-GDA-A67,0000007556914461,g021f769c968065e,completed
916731 Lori Bowers St.,E1-G54-4QQ,0000007556914462,g1ae7d30fec1b6d0,completed
549343 Adam Gardner St.,E1-JW9-98K,0000007556914463,g1ae7d30fec1b6d0,completed
316653 Colleen Williams St.,E1-JN5-5WE,0000007556914464,g1ae7d30fec1b6d0,completed
24199 Jack Morales St.,E1-JK5-5WE,0000007556914465,g1ae7d30fec1b6d0,completed
30862 Jason Waters St.,E1-JP5-5WA,0000007556914467,gbbf62b7cd5b4a2e,completed
459063 Sarah Lawrence St.,E1-G7E-EPZ,0000007556914468,gbbf62b7cd5b4a2e,completed
997158 Kelly Griffin St.,E1-J96-6AX,0000007556914469,gbbf62b7cd5b4a2e,completed
599340 Joseph Williams St.,E1-JZ5-57B,0000007556914336,gbbf62b7cd5b4a2e,completed
850714 Anna James St.,E1-JM9-9ME,0000007556914337,g44482361869be50,completed
907844 Dennis Porter St.,E1-GY4-4A4,0000007556914470,g44482361869be50,completed
631751 Samantha Williams St.,E1-GVB-BL7,0000007556914471,g44482361869be50,completed
644825 Elizabeth Delgado St.,E1-JRQ-QEX,0000007556914476,g5294da0721fa113,completed
450259 Jose Simpson St.,E1-JBK-KEW,0000007556914472,g44482361869be50,completed
606761 Donna Banks St.,E1-GXY-YPE,0000007556914473,g5294da0721fa113,completed
998786 Rebecca Palmer St.,E1-G4L-LRY,0000007556914475,g5294da0721fa113,completed
631438 Karen Bryant St.,E1-G6E-ELW,0000007556914477,g5294da0721fa113,completed
23567 Shelby Doyle St.,E1-JL9-9NK,0000007556914478,g5f451d3b8d5f4c9,completed
54339 Miranda Burnett St.,E1-GDA-AR7,0000007556914482,g5f451d3b8d5f4c9,completed
972612 Thomas Welch PhD St.,E1-JP5-5BA,0000007556914486,g6e79309841f945d,completed
262082 Michael Wheeler St.,E1-JQM-MXE,0000007556914479,g5f451d3b8d5f4c9,completed
589636 Samuel Bright St.,E1-J8E-EPV,0000007556914480,g5f451d3b8d5f4c9,completed
972410 Lawrence Smith St.,E1-JW9-9KK,0000007556914483,g6e79309841f945d,completed
283361 Dustin Lawson St.,E1-JN5-5YE,0000007556914484,g6e79309841f945d,completed
935551 Nicole Thomas St.,E1-JK5-59E,0000007556914485,g6e79309841f945d,completed
156201 Brandon Summers St.,E1-JZ5-5MB,0000007556914633,g8701374d86656a6,completed
67868 Wendy Goodman St.,E1-JAV-VXQ,0000007556914487,g82ece5a18095a55,completed
30985 Donald Walsh St.,E1-G7E-EKZ,0000007556914339,g8701374d86656a6,completed
445209 Donald Schneider St.,E1-JM9-9XE,0000007556914634,g8701374d86656a6,completed
857844 Jeremy Carroll St.,E1-GY4-4Z4,0000007556914635,g8701374d86656a6,completed
808583 Julie Garcia St.,E1-GVB-BA7,0000007556914636,g0510cc668cc0586,completed
816925 Alexander Hansen St.,E1-GXY-Y9E,0000007556914637,g0510cc668cc0586,completed
936636 Jay Maldonado St.,E1-JBK-KQW,0000007556914340,g0510cc668cc0586,completed
210806 Laura Phillips St.,E1-JRQ-QLX,0000007556914640,g5f451d3b8d5f4c9,completed
115230 Samantha Roy St.,E1-GEY-YAM,0000007556914638,g0510cc668cc0586,completed
138058 John Gonzalez St.,E1-G4L-LAY,0000007556914639,g5f451d3b8d5f4c9,completed
204167 Eric Richardson St.,E1-G6E-E9W,0000007556914641,g5f451d3b8d5f4c9,completed
515514 Alexandria Velazquez St.,E1-JQM-M6E,0000007556914643,g5f451d3b8d5f4c9,completed
630029 Mark Carlson St.,E1-J8E-EMV,0000007556914644,gb869e691e6988bd,completed
816095 Robin Campbell St.,E1-GDA-AP7,0000007556914645,gb869e691e6988bd,completed
415968 Laurie Brown St.,E1-G54-47Q,0000007556914646,gb869e691e6988bd,completed
121339 Teresa Krueger St.,E1-JW9-97K,0000007556914647,gb869e691e6988bd,completed
915288 Taylor Taylor St.,E1-JN5-5EE,0000007556914648,gbbf62b7cd5b4a2e,completed
761945 Mary Moore St.,E1-JK5-5VE,0000007556914649,gbbf62b7cd5b4a2e,completed
19874 Ricardo Martinez St.,E1-JP5-5NA,0000007556914341,gbbf62b7cd5b4a2e,completed
665752 Amanda Hawkins St.,E1-G7E-ENZ,0000007556914652,gbbf62b7cd5b4a2e,completed
362675 Donna Sullivan St.,E1-JAV-VP5,,2896F26F-E7CC,error
342884 Craig Roberts St.,E1-J96-6EX,0000007556914653,gcfb22b9ec0f2380,completed
596588 Sarah Rodriguez St.,E1-JZ5-5VB,0000007556914654,gcfb22b9ec0f2380,completed
465415 Victoria Morris MD St.,E1-JBK-KAW,0000007556914658,gfe5646bf2c57225,completed
40852 Tonya Nguyen St.,E1-JM9-9RE,0000007556914655,gcfb22b9ec0f2380,completed
698121 Jeffrey Maxwell St.,E1-GY4-4Y4,0000007556914656,gcfb22b9ec0f2380,completed
536725 Justin Valdez St.,E1-GVB-BN7,0000007556914657,gfe5646bf2c57225,completed
345634 Brian Edwards St.,E1-GXY-YME,0000007556914659,gfe5646bf2c57225,completed
82897 Pamela Sheppard St.,E1-JM9-9R4,,293674E8-B84B,error
504645 Danielle Campbell St.,E1-GEY-YZM,0000007556914660,gfe5646bf2c57225,completed
8355 Marcus Gray St.,E1-G7E-EB5,,2896F26F-E7CC,error
73360 Charlene Craig St.,E1-JK5-5ED,,2896F26F-E7CC,error
400654 Lisa Stone St.,E1-J96-6ED,,2896F26F-E7CC,error
285011 Ethan Castro St.,E1-JZ5-5VQ,,293674E8-B84B,error
268147 Jonathan Lyons St.,E1-GY4-4Y8,,293674E8-B84B,error
174906 Raymond Murray St.,E1-GVB-BNL,,293674E8-B84B,error
204062 Patrick Benson St.,E1-GXY-YMM,,2B76BD51-9DA6,error
225636 Miss Cindy Curtis DVM St.,E1-JBK-KAQ,,2B76BD51-9DA6,error
95439 Meagan Sweeney St.,E1-G4L-LM7,,2B76BD51-9DA6,error
962798 Michele Lewis St.,E1-GEY-YZX,,2B76BD51-9DA6,error
