ts,sku,ChannelSlug,BrandSlug,PremiseType,TermsOfServiceTyp,ProductName,ProductSlug,StateSlug,Commodity,UtilitySlug,first_name,last_name,ServiceAddress1,zip_code,city,account_no,email,emailmarketing,confirm_number,order_status,allow_email_marketing,sap_number
ts_143,ga4baeb16b2f8c3b,web,green_mountain_energy,residential,fixed,SolarSPARC 10% 12,solarsparc_10_smart_12,ny,electric,rge,Kristin,rge,617814 Stephanie Lee St.,'13074,Hannibal,'R01376253839177,no@nrg.com,no_email_mark,E1-DVL-N78,completed,false,0000007668805346
ts_191,ge04161be4ab5997,web,green_mountain_energy,residential,fixed,Pollution Free Reliable Rate,pollution_free_reliable_rate,pa,electric,peco,Russell,peco,558892 Joshua Morrison St.,'19437,GWYNEDD VALLEY,'1117985739,no@nrg.com,no_email_mark,E1-5LX-DA8,completed,false,0000007668805347
ts_6,g04806563c0ff681,web,green_mountain_energy,residential,variable,Green Mountain Family,green_mountain_family,md,electric,pepco,Brian,pepco,669754 Daniel Pena St.,'02906,OCEAN CITY,'05455435206802935513150,aleksandr.malygin@nrg.com,emailmarketing,E1-WER-WVE,completed,false,0000007668805348
ts_15,g132d13c46de7473,web,green_mountain_energy,small_business,variable,GNESBVAR,rate_category,il,electric,comed,Rebecca,comed,41970 Kenneth Roberson St.,'60150,MALTA,'5497486360,no@nrg.com,no_email_mark,E1-N7A-VRX,error,false,
ts_16,g132d13c46de7473,web,green_mountain_energy,small_business,variable,GNESBVAR,rate_category,il,electric,comed,Vanessa,comed,503477 Brett Poole St.,'61080,SOUTH BELOIT,'4334634556,aleksandr.malygin@nrg.com,emailmarketing,E1-KK6-ZXD,error,false,
ts_21,g196a26f85286c53,web,green_mountain_energy,residential,fixed,Pollution Free 24,pollution_free_24,ny,electric,rge,Vanessa,rge,70362 Jamie Brown St.,'14715,Bolivar,'R01169182179492,no@nrg.com,no_email_mark,E1-PZ9-XP4,completed,false,0000007668805349
ts_29,g1e7ac87aadea386,web,green_mountain_energy,residential,fixed,SolarSPARC 10% 12,solarsparc_10_smart_12_wc,ny,electric,coned,Laura,coned,213393 Emily Whitaker St.,'11266,BROOKLYN,'745325449991129,no@nrg.com,no_email_mark,E1-A46-YK5,completed,false,0000007668805350
ts_43,g294c4d46e3e5ba4,web,green_mountain_energy,residential,fixed,Pollution Free Farm to Market Reliable Rate,pollution_free_farm_to_market_reliable_rate,ny,electric,ngrid,Linda,ngrid,202166 Kyle Morrow St.,'11754,KINGS PARK,'8077070815,no@nrg.com,no_email_mark,E1-765-D95,completed,false,0000007668805351
ts_52,g329bf77638fca60,web,green_mountain_energy,residential,fixed,SolarSPARC 10% 12,solarsparc_10_smart_12,ny,electric,coned,Carla,coned,327304 Timothy Washington St.,'11566,MERRICK,'164635828543456,aleksandr.malygin@nrg.com,emailmarketing,E1-9KL-DMD,completed,false,0000007668805352
ts_65,g402f79356122685,web,green_mountain_energy,small_business,fixed,GNESBFIX,rate_category,il,electric,comed,John,comed,550981 Jennifer Clark St.,'60929,CULLOM,'9368359205,no@nrg.com,no_email_mark,E1-Z6R-DEQ,error,false,
ts_66,g402f79356122685,web,green_mountain_energy,small_business,fixed,GNESBFIX,rate_category,il,electric,comed,Rebecca,comed,418269 Mary Davis St.,'60005,ARLINGTON HEIGHTS,'8799587064,aleksandr.malygin@nrg.com,emailmarketing,E1-MAP-N44,error,false,
ts_71,g4310ddcf5a08342,web,green_mountain_energy,residential,fixed,Pollution Free Reliable Rate,pollution_free_reliable_rate,md,electric,delmarva,Michael,delmarva,73746 Rebecca Caldwell St.,'20882,GAITHERSBURG,'05543997979004774859638,no@nrg.com,no_email_mark,E1-Y5R-DN8,completed,false,0000007668805353
ts_72,g4310ddcf5a08342,web,green_mountain_energy,residential,fixed,Pollution Free Reliable Rate,pollution_free_reliable_rate,md,electric,delmarva,Elizabeth,delmarva,333651 Judy Morse St.,'21409,ANNAPOLIS,'05171979368570984471530,aleksandr.malygin@nrg.com,emailmarketing,E1-VZX-DYL,completed,false,0000007668805354
ts_78,g5277877c9b61f54,web,green_mountain_energy,residential,fixed,Pollution Free Reliable Rate,pollution_free_reliable_rate,ny,electric,rge,Dennis,rge,951379 Jacob Smith St.,'14520,Ontario Center,'R01559541687275,aleksandr.malygin@nrg.com,emailmarketing,E1-BX6-VPQ,completed,false,0000007668805355
ts_81,g5fc801d5c1d8bb8,web,green_mountain_energy,small_business,fixed,GNESBFIX2,rate_category,pa,electric,peco,Lonnie,peco,520316 Teresa Garcia MD St.,'19403,Eagleville,'2065347021,no@nrg.com,no_email_mark,E1-XER-DBM,error,false,
ts_82,g5fc801d5c1d8bb8,web,green_mountain_energy,small_business,fixed,GNESBFIX2,rate_category,pa,electric,peco,Nicholas,peco,455886 Zachary Myers St.,'18958,SALFORDVILLE,'6533712191,aleksandr.malygin@nrg.com,emailmarketing,E1-EBQ-E9X,error,false,
ts_85,g62f323f9539fff2,web,green_mountain_energy,residential,fixed,Pollution Free Reliable Rate,pollution_free_reliable_rate,ny,electric,nyseg,Melissa,nyseg,430006 Brendan Anderson St.,'14780,PAINTED POST,'N01622212505933,no@nrg.com,no_email_mark,E1-KK6-ZXM,completed,false,0000007668805356
ts_143,ga4baeb16b2f8c3b,web,green_mountain_energy,residential,fixed,SolarSPARC 10% 12,solarsparc_10_smart_12,ny,electric,rge,Willie,rge,918539 Bradley Wilson St.,'13074,Hannibal,'R01424338119142,no@nrg.com,no_email_mark,E1-PZ9-XPR,completed,false,0000007668805357
ts_191,ge04161be4ab5997,web,green_mountain_energy,residential,fixed,Pollution Free Reliable Rate,pollution_free_reliable_rate,pa,electric,peco,Pamela,peco,597156 Chad Campbell St.,'19437,GWYNEDD VALLEY,'1712372757,no@nrg.com,no_email_mark,E1-A46-YE7,completed,false,0000007668805358
ts_205,gfaffb74813b5c4d,web,green_mountain_energy,residential,fixed,Pollution Free Farm to Market Reliable Rate,pollution_free_farm_to_market_reliable_rate,pa,electric,peco,Brittany,peco,98266 Matthew Hill St.,'19008,BROOMALL,'4628145146,no@nrg.com,no_email_mark,E1-765-DPR,completed,false,0000007668805359
ts_220,g91a4be5063e374e,web,green_mountain_energy,residential,fixed,SolarSPARC 10%12,solarsparc_10_smart_12,md,electric,bge,Stacey,bge,651369 Corey Johnston St.,'21274,BALTIMORE,'3023913718,bouncy@mcbounceface.com,bounce,E1-9KL-D75,completed,false,0000007668805360
ts_233,g132d13c46de7473,web,green_mountain_energy,small_business,variable,GNESBVAR,rate_category,il,electric,comed,Brett,comed,951672 Lisa Sullivan St.,'60633,CHICAGO,'6833802779,thiswillbounce@thisbounces.com,bounce,E1-Z6R-D85,error,false,
ts_234,g402f79356122685,web,green_mountain_energy,small_business,fixed,GNESBFIX,rate_category,il,electric,comed,Nicole,comed,472392 William Moore St.,'60910,AROMA PARK,'8331925994,bouncedmail@eccbounce.com,bounce,E1-MAP-NWZ,error,false,
ts_270,g418effe855c3904,web,green_mountain_energy,residential,fixed,SolarSPARC 10% 12,solarsparc_10_smart_12,ny,electric,ngrid,Michael,ngrid,449697 Sarah Rose St.,'12534,STOCKPORT,'4051758582,bouncedmail@eccbounce.com,bounce,E1-Y5R-D8V,completed,false,0000007668805361
ts_282,g5fc801d5c1d8bb8,web,green_mountain_energy,small_business,fixed,GNESBFIX2,rate_category,pa,electric,peco,Virginia,peco,933034 Andre Glenn St.,'19366,POCOPSON,'8192514763,bouncedmail@eccbounce.com,bounce,E1-VZX-DWZ,error,false,
ts_295,g04806563c0ff681,web,green_mountain_energy,residential,variable,Green Mountain Family,green_mountain_family,md,electric,pepco,Dalton,pepco,362854 Alice Hodge St.,'02906,SILVER SPRINGS,'05798128865116003185717,bouncermail@eccbounced.com,bounce,E1-BX6-V47,completed,false,0000007668805362
ts_15,g132d13c46de7473,web,green_mountain_energy,small_business,variable,GNESBVAR,rate_category,il,electric,comed,Joshua,comed,639444 Jordan Jordan St.,'60047,,'8012668635,no@nrg.com,no_email_mark,E1-EBQ-EWR,error,false,
ts_16,g132d13c46de7473,web,green_mountain_energy,small_business,variable,GNESBVAR,rate_category,il,electric,comed,Katelyn,comed,519873 Robert Phillips St.,'61021,,'1570704713,aleksandr.malygin@nrg.com,emailmarketing,E1-46B-DQN,error,false,
ts_65,g402f79356122685,web,green_mountain_energy,small_business,fixed,GNESBFIX,rate_category,il,electric,comed,Rachel,comed,407727 Stephen Guzman St.,'60433,,'2848983308,no@nrg.com,no_email_mark,E1-RPM-DWM,error,false,
ts_66,g402f79356122685,web,green_mountain_energy,small_business,fixed,GNESBFIX,rate_category,il,electric,comed,Andrew,comed,117002 Lisa Jones St.,'60540,,'4561568381,aleksandr.malygin@nrg.com,emailmarketing,E1-65Q-DKD,error,false,
ts_78,g5277877c9b61f54,web,green_mountain_energy,residential,fixed,Pollution Free Reliable Rate,pollution_free_reliable_rate,ny,electric,rge,Patricia,rge,902019 Diana Hall St.,'14551,,'R01826877672824,aleksandr.malygin@nrg.com,emailmarketing,E1-LPK-MWA,completed,false,0000007668805371
ts_81,g5fc801d5c1d8bb8,web,green_mountain_energy,small_business,fixed,GNESBFIX2,rate_category,pa,electric,peco,April,peco,598026 Danielle Sullivan St.,'19030,,'8956225627,no@nrg.com,no_email_mark,E1-QKZ-EWA,error,false,
ts_82,g5fc801d5c1d8bb8,web,green_mountain_energy,small_business,fixed,GNESBFIX2,rate_category,pa,electric,peco,Joseph,peco,37117 Vincent Kemp St.,'18084,,'9764335691,aleksandr.malygin@nrg.com,emailmarketing,E1-86L-DAA,error,false,
ts_143,ga4baeb16b2f8c3b,web,green_mountain_energy,residential,fixed,SolarSPARC 10% 12,solarsparc_10_smart_12,ny,electric,rge,Janet,rge,21457 Whitney Gutierrez St.,'13074,,'R01654525932454,no@nrg.com,no_email_mark,E1-DVL-N6R,completed,false,0000007668805372
ts_233,g132d13c46de7473,web,green_mountain_energy,small_business,variable,GNESBVAR,rate_category,il,electric,comed,Cassandra,comed,634340 Gabriel Ryan St.,'60165,,'5197334794,thiswillbounce@thisbounces.com,bounce,E1-5LX-DQ7,error,false,
ts_234,g402f79356122685,web,green_mountain_energy,small_business,fixed,GNESBFIX,rate_category,il,electric,comed,Tracy,comed,509370 William Meadows St.,'60542,,'1686078106,bouncedmail@eccbounce.com,bounce,E1-WER-W8Z,error,false,
ts_282,g5fc801d5c1d8bb8,web,green_mountain_energy,small_business,fixed,GNESBFIX2,rate_category,pa,electric,peco,Jason,peco,880832 Jon Roberts St.,'19103,,'4088288110,bouncedmail@eccbounce.com,bounce,E1-N7A-VWK,error,false,
ts_295,g04806563c0ff681,web,green_mountain_energy,residential,variable,Green Mountain Family,green_mountain_family,md,electric,pepco,Katie,pepco,876642 Steven Davidson St.,'21015,,'05738823916557980101797,bouncermail@eccbounced.com,bounce,E1-KK6-ZWM,completed,false,0000007668805373
ts_6,g04806563c0ff681,web,green_mountain_energy,residential,variable,Green Mountain Family,green_mountain_family,md,electric,pepco,Melissa,pepco,696786 Thomas Dominguez St.,'21208,PIKESVILLE,'05907252429950655754292,aleksandr.malygin@nrg.com,emailmarketing,E1-PZ9-XWR,completed,false,0000007668805376
ts_15,g132d13c46de7473,web,green_mountain_energy,small_business,variable,GNESBVAR,rate_category,il,electric,comed,Philip,comed,810359 Tammy Lewis St.,'60039,CRYSTAL LAKE,'1996875419,no@nrg.com,no_email_mark,E1-A46-YX7,error,false,
ts_65,g402f79356122685,web,green_mountain_energy,small_business,fixed,GNESBFIX,rate_category,il,electric,comed,David,comed,524136 Courtney Martin St.,'60643,CHICAGO,'2728490783,no@nrg.com,no_email_mark,E1-765-DKR,error,false,
ts_66,g402f79356122685,web,green_mountain_energy,small_business,fixed,GNESBFIX,rate_category,il,electric,comed,Brandon,comed,217553 Rhonda Lewis St.,'62049,HILLSBORO,'9347177750,aleksandr.malygin@nrg.com,emailmarketing,E1-9KL-DA5,error,false,
ts_81,g5fc801d5c1d8bb8,web,green_mountain_energy,small_business,fixed,GNESBFIX2,rate_category,pa,electric,peco,Philip,peco,600473 Karen Dunn St.,'19430,CREAMERY,'7329739925,no@nrg.com,no_email_mark,E1-Z6R-D75,error,false,
ts_82,g5fc801d5c1d8bb8,web,green_mountain_energy,small_business,fixed,GNESBFIX2,rate_category,pa,electric,peco,Jennifer,peco,904053 Austin Gray St.,'19034,FORT WASHINGTON,'4019276642,aleksandr.malygin@nrg.com,emailmarketing,E1-MAP-NMZ,error,false,
ts_233,g132d13c46de7473,web,green_mountain_energy,small_business,variable,GNESBVAR,rate_category,il,electric,comed,Cathy,comed,879605 Jose Novak DDS St.,'60018,DES PLAINES,'1462367340,thiswillbounce@thisbounces.com,bounce,E1-Y5R-DAV,error,false,
ts_234,g402f79356122685,web,green_mountain_energy,small_business,fixed,GNESBFIX,rate_category,il,electric,comed,Michelle,comed,110876 Jeffrey Martinez St.,'60045,LAKE FOREST,'2559803557,bouncedmail@eccbounce.com,bounce,E1-VZX-DLZ,error,false,
ts_282,g5fc801d5c1d8bb8,web,green_mountain_energy,small_business,fixed,GNESBFIX2,rate_category,pa,electric,peco,Christine,peco,489453 Brad Page St.,'19037,GLEN RIDDLE,'9672532972,bouncedmail@eccbounce.com,bounce,E1-BX6-VE7,error,false,
ts_15,g132d13c46de7473,web,green_mountain_energy,small_business,variable,GNESBVAR,rate_category,il,electric,comed,Tony,comed,954646 Traci Flores St.,'60039,CRYSTAL LAKE,'6960048011,no@nrg.com,no_email_mark,E1-XER-DP7,error,false,
ts_16,g132d13c46de7473,web,green_mountain_energy,small_business,variable,GNESBVAR,rate_category,il,electric,comed,Jerry,comed,578349 Holly Contreras St.,'60187,WHEATON,'7799732617,aleksandr.malygin@nrg.com,emailmarketing,E1-EBQ-E6R,error,false,
ts_65,g402f79356122685,web,green_mountain_energy,small_business,fixed,GNESBFIX,rate_category,il,electric,comed,Peter,comed,921169 Corey Buck St.,'60462,ORLAND PARK,'2515587278,no@nrg.com,no_email_mark,E1-46B-DRN,error,false,
ts_66,g402f79356122685,web,green_mountain_energy,small_business,fixed,GNESBFIX,rate_category,il,electric,comed,Jillian,comed,472830 Jenna Woodward St.,'60643,CHICAGO,'7413190137,aleksandr.malygin@nrg.com,emailmarketing,E1-RPM-DEM,error,false,
ts_81,g5fc801d5c1d8bb8,web,green_mountain_energy,small_business,fixed,GNESBFIX2,rate_category,pa,electric,peco,Karen,peco,928861 Timothy Robertson St.,'19319,CHEYNEY,'3682349084,no@nrg.com,no_email_mark,E1-65Q-DLD,error,false,
ts_82,g5fc801d5c1d8bb8,web,green_mountain_energy,small_business,fixed,GNESBFIX2,rate_category,pa,electric,peco,Peter,peco,790025 Joanna Adkins St.,'19319,CHEYNEY,'1252360196,aleksandr.malygin@nrg.com,emailmarketing,E1-LPK-MNA,error,false,
ts_233,g132d13c46de7473,web,green_mountain_energy,small_business,variable,GNESBVAR,rate_category,il,electric,comed,Robin,comed,828885 Kenneth Dickerson St.,'60612,CHICAGO,'5346557299,thiswillbounce@thisbounces.com,bounce,E1-QKZ-EXA,error,false,
ts_234,g402f79356122685,web,green_mountain_energy,small_business,fixed,GNESBFIX,rate_category,il,electric,comed,Emily,comed,827975 Bianca Gross St.,'60462,ORLAND PARK,'7649102235,bouncedmail@eccbounce.com,bounce,E1-86L-DPA,error,false,
ts_39,g256b835c0760f1b,web,green_mountain_energy,residential,variable,Green Mountain Family,green_mountain_family,ma,electric,wmeco,Jacqueline,wmeco,804953 Brittney Espinoza St.,'01349,SOUTH LEE,'243680144,no@nrg.com,no_email_mark,E1-DVL-NRR,completed,false,0000007668805377
ts_47,g2af2aaca2250150,web,green_mountain_energy,residential,fixed,SolarSPARC 10%12,solarsparc_10_smart_12,ma,electric,camb,Jessica,camb,949789 Veronica Cox St.,'02445,Brookline,'25341394052,no@nrg.com,no_email_mark,E1-WER-WKZ,completed,false,0000007668805379
ts_57,g35f6c2393a46774,web,green_mountain_energy,residential,variable,Green Mountain Family,green_mountain_family,ma,electric,come,Michael,come,355809 Antonio Mills St.,'02740,New Bedford,'24081870009,no@nrg.com,no_email_mark,E1-N7A-VYK,completed,false,0000007668805380
ts_87,g66e737bf564b0bb,web,green_mountain_energy,residential,variable,Green Mountain Family,green_mountain_family,ma,electric,ngntkt,Brandi,ngntkt,493819 Misty Johnson St.,'02584,Nantucket,'9830079706,no@nrg.com,no_email_mark,E1-KK6-Z9M,completed,false,0000007668805381
ts_88,g66e737bf564b0bb,web,green_mountain_energy,residential,variable,Green Mountain Family,green_mountain_family,ma,electric,ngntkt,Anna,ngntkt,906230 Edward Cameron St.,'02584,Nantucket,'6463757115,aleksandr.malygin@nrg.com,emailmarketing,E1-PZ9-XBR,completed,false,0000007668805382
ts_183,gcfa81d59d2205c5,web,green_mountain_energy,residential,fixed,SolarSPARC 10%12,solarsparc_10_smart_12,ma,electric,meco,Linda,meco,239416 Crystal Martin St.,'02536,HULL,'8857886531,no@nrg.com,no_email_mark,E1-A46-YL7,completed,false,0000007668805383
ts_207,gfbf5efa5c066784,web,green_mountain_energy,residential,fixed,SolarSPARC 10%12,solarsparc_10_smart_12,ma,electric,ngntkt,Karen,ngntkt,274341 Pamela Frazier St.,'02584,Nantucket,'6002574156,no@nrg.com,no_email_mark,E1-765-DNR,completed,false,0000007668805384
ts_213,g03408ca6381de99,web,green_mountain_energy,residential,fixed,SolarSPARC 10%12,solarsparc_10_smart_12,md,electric,apmd,Justin,apmd,54386 Melissa Trujillo St.,'21791,UNION BRIDGE,'08349575552880317738,thiswillbounce@thisbounces.com,bounce,E1-9KL-DY5,completed,false,0000007668805385
ts_214,g08814fc767b398d,web,green_mountain_energy,residential,fixed,Pollution Free Reliable Rate,pollution_free_reliable_rate,md,electric,apmd,Robert,apmd,770886 Michael Espinoza St.,'21774,NEW MARKET,'08493181935857595835,bouncedmail@eccbounce.com,bounce,E1-Z6R-DM5,completed,false,0000007668805386
ts_215,g60baa8b8f77e084,web,green_mountain_energy,residential,fixed,SolarSPARC 10%12,solarsparc_10_smart_12,ma,electric,beco,Anthony,beco,152798 Makayla Cross St.,'02056,SPRINGFIELD,'69352981718,bouncermail@eccbounced.com,bounce,E1-MAP-NXZ,completed,false,0000007668805387
ts_216,gb1531b7eeccc3b0,web,green_mountain_energy,residential,fixed,Pollution Free Reliable Rate,pollution_free_reliable_rate,ma,electric,beco,Brian,beco,229992 Sean Orozco St.,'02453,SPRINGFIELD,'30858358675,bouncy@mcbounceface.com,bounce,E1-Y5R-DZV,completed,false,0000007668805388
ts_217,gcf5cca78ab18177,web,green_mountain_energy,residential,variable,Green Mountain Family,green_mountain_family,ma,electric,beco,Lori,beco,761452 Gregory Ray St.,'02453,SPRINGFIELD,'36640786433,thiswillbounce@thisbounces.com,bounce,E1-VZX-DAZ,completed,false,0000007668805389
ts_218,g3aceddb6123c21f,web,green_mountain_energy,residential,fixed,Pollution Free Reliable Rate,pollution_free_reliable_rate,md,electric,bge,Jeffrey,bge,56669 Kathy Bryant St.,'21041,ELLICOTT CITY,'8995702890,bouncedmail@eccbounce.com,bounce,E1-BX6-VQ7,completed,false,0000007668805390
ts_220,g91a4be5063e374e,web,green_mountain_energy,residential,fixed,SolarSPARC 10%12,solarsparc_10_smart_12,md,electric,bge,Jay,bge,508572 Lauren Bentley St.,'21274,BALTIMORE,'4704409606,bouncy@mcbounceface.com,bounce,E1-XER-D97,completed,false,0000007668805391
ts_221,gbd2cc125c6f6e61,web,green_mountain_energy,residential,variable,Green Mountain Family,green_mountain_family,md,electric,bge,Taylor,bge,176621 Ashley Conway St.,'21132,PYLESVILLE,'6774839287,thiswillbounce@thisbounces.com,bounce,E1-EBQ-EAR,completed,false,0000007668805392
ts_223,g2af2aaca2250150,web,green_mountain_energy,residential,fixed,SolarSPARC 10%12,solarsparc_10_smart_12,ma,electric,camb,Micheal,camb,454472 Kimberly Scott St.,'02445,Brookline,'60903289365,bouncermail@eccbounced.com,bounce,E1-46B-DAN,completed,false,0000007668805393
ts_224,g953b30c2dc2b803,web,green_mountain_energy,residential,variable,Green Mountain Family,green_mountain_family,ma,electric,camb,Kimberly,camb,821335 Jimmy King St.,'02445,Brookline,'53258317224,bouncy@mcbounceface.com,bounce,E1-RPM-DLM,completed,false,0000007668805394
ts_225,gc25b92975f0dc97,web,green_mountain_energy,residential,fixed,Pollution Free Reliable Rate,pollution_free_reliable_rate,ma,electric,camb,Greg,camb,449883 Jackie Garcia St.,'02445,Brookline,'36509262444,thiswillbounce@thisbounces.com,bounce,E1-65Q-D9D,completed,false,0000007668805395
ts_226,g40d7b9b923a8b51,web,green_mountain_energy,residential,fixed,SolarSPARC 10% 12,solarsparc_10_smart_12,ny,electric,chu,Kristin,chu,462015 Randy Harris St.,'11101,LONG ISLAND CITY,'7720114782,bouncedmail@eccbounce.com,bounce,E1-LPK-MBA,completed,false,0000007668805396
ts_227,g4c4f93f13da0897,web,green_mountain_energy,residential,fixed,Pollution Free Reliable Rate,pollution_free_reliable_rate,ny,electric,chu,Patrick,chu,33784 Allison Ramos St.,'11030,MANHASSET,'3255118525,bouncermail@eccbounced.com,bounce,E1-QKZ-E6A,completed,false,0000007668805397
ts_228,g9aa7b76a2b0e830,web,green_mountain_energy,residential,fixed,Pollution Free Farm to Market Reliable Rate,pollution_free_farm_to_market_reliable_rate,ny,electric,chu,Elizabeth,chu,121601 Christopher Dickson St.,'11030,MANHASSET,'5059537164,bouncy@mcbounceface.com,bounce,E1-86L-DMA,completed,false,0000007668805398
ts_229,gd6f23afc4c9bdeb,web,green_mountain_energy,residential,fixed,Pollution Free 24,pollution_free_24,ny,electric,chu,Jessica,chu,308878 Nicole Floyd St.,'11030,MANHASSET,'5649825688,thiswillbounce@thisbounces.com,bounce,E1-DVL-NPR,completed,false,0000007668805399
ts_230,g1639eeb0379248e,web,green_mountain_energy,residential,fixed,Pollution Free Reliable Rate,pollution_free_reliable_rate,ma,electric,come,Michelle,come,55802 Alexander Klein St.,'02740,New Bedford,'61608591210,bouncedmail@eccbounce.com,bounce,E1-5LX-D77,completed,false,0000007668805400
ts_231,g35f6c2393a46774,web,green_mountain_energy,residential,variable,Green Mountain Family,green_mountain_family,ma,electric,come,Donald,come,273019 Timothy Pitts St.,'02740,New Bedford,'72624513437,bouncermail@eccbounced.com,bounce,E1-WER-W7Z,completed,false,0000007668805401
ts_233,g132d13c46de7473,web,green_mountain_energy,small_business,variable,GNESBVAR,rate_category,il,electric,comed,Nancy,comed,564194 Lisa Delgado St.,'60612,CHICAGO,'5409088462,thiswillbounce@thisbounces.com,bounce,E1-KK6-ZVM,error,false,
ts_234,g402f79356122685,web,green_mountain_energy,small_business,fixed,GNESBFIX,rate_category,il,electric,comed,Kevin,comed,570250 Scott Hughes St.,'60462,ORLAND PARK,'9518527241,bouncedmail@eccbounce.com,bounce,E1-PZ9-XNR,error,false,
ts_235,g964164056bba972,web,green_mountain_energy,residential,fixed,GNERFIX,rate_category,il,electric,comed,John,comed,533313 Adam Allen St.,'61311,ANCONA,'6977159633,bouncermail@eccbounced.com,bounce,E1-A46-YP7,completed,false,0000007668805407
ts_236,g9b6ea65dc23ad43,web,green_mountain_energy,residential,variable,Green Mountain Family,green_mountain_family,il,electric,comed,Jonathan,comed,286840 Brenda Giles St.,'61027,ELEROY,'6315971144,bouncy@mcbounceface.com,bounce,E1-765-DBR,completed,false,0000007668805408
ts_237,gce538106da22036,web,green_mountain_energy,residential,variable,GNERVAR,rate_category,il,electric,comed,John,comed,226294 Nancy Smith St.,'60074,PALATINE,'9603765015,thiswillbounce@thisbounces.com,bounce,E1-9KL-DE5,completed,false,0000007668805409
ts_238,gfa60b412d811a3b,web,green_mountain_energy,residential,fixed,SolarSPARC 10%12,solarsparc_10_smart_12,il,electric,comed,Jeffrey,comed,361959 Robin Boyle St.,'60914,BOURBONNAIS,'5387155585,bouncedmail@eccbounce.com,bounce,E1-Z6R-DV5,completed,false,0000007668805410
ts_239,gfe081aa8f5b79d6,web,green_mountain_energy,residential,fixed,Pollution Free Reliable Rate,pollution_free_reliable_rate,il,electric,comed,James,comed,315608 Sarah Waters St.,'60018,DES PLAINES,'7579032976,bouncermail@eccbounced.com,bounce,E1-MAP-NRZ,completed,false,0000007668805411
ts_240,g1a131670769dc76,web,green_mountain_energy,residential,fixed,Pollution Free Reliable Rate,pollution_free_reliable_rate_wc,ny,electric,coned,Jessica,coned,674838 Michael Silva St.,'11701,AMITYVILLE,'211567935005336,bouncy@mcbounceface.com,bounce,E1-Y5R-DYV,completed,false,0000007668805412
ts_241,g1e7ac87aadea386,web,green_mountain_energy,residential,fixed,SolarSPARC 10% 12,solarsparc_10_smart_12_wc,ny,electric,coned,Carlos,coned,658450 Stephanie Stone St.,'11701,AMITYVILLE,'971997525218096,thiswillbounce@thisbounces.com,bounce,E1-VZX-DNZ,completed,false,0000007668805413
ts_242,g201d199281dea05,web,green_mountain_energy,residential,fixed,Pollution Free Farm to Market Reliable Rate,pollution_free_farm_to_market_reliable_rate_wc,ny,electric,coned,Monique,coned,531522 Leslie Deleon St.,'11566,MERRICK,'575742068247677,bouncedmail@eccbounce.com,bounce,E1-BX6-VA7,completed,false,0000007668805414
ts_243,g2e8f2b715ccfac7,web,green_mountain_energy,residential,fixed,Pollution Free 24,pollution_free_24,ny,electric,coned,Arthur,coned,438042 Tyler Boone St.,'11701,AMITYVILLE,'824833385341204,bouncermail@eccbounced.com,bounce,E1-XER-DM7,completed,false,0000007668805415
ts_244,g329bf77638fca60,web,green_mountain_energy,residential,fixed,SolarSPARC 10% 12,solarsparc_10_smart_12,ny,electric,coned,Kelly,coned,100947 Curtis Barnes St.,'11266,BROOKLYN,'143355972214327,bouncy@mcbounceface.com,bounce,E1-EBQ-EZR,completed,false,0000007668805416
ts_245,g335a9647480b1a5,web,green_mountain_energy,residential,fixed,Pollution Free 24,pollution_free_24_wc,ny,electric,coned,Mark,coned,393290 Bobby Johnson St.,'11701,AMITYVILLE,'734947443605684,thiswillbounce@thisbounces.com,bounce,E1-46B-DMN,completed,false,0000007668805417
ts_246,g354fe7596fdd458,web,green_mountain_energy,residential,fixed,SolarSPARC 10% 12,solarsparc_10_smart_12_wc,ny,electric,coned,James,coned,278432 Benjamin Davis St.,'11566,MERRICK,'619362040759810,bouncedmail@eccbounce.com,bounce,E1-RPM-DKM,completed,false,0000007668805418
ts_247,g8557d0b669a214c,web,green_mountain_energy,residential,fixed,Pollution Free Farm to Market Reliable Rate,pollution_free_farm_to_market_reliable_rate_wc,ny,electric,coned,Lance,coned,850687 Martha Anderson St.,'11701,AMITYVILLE,'880937892597091,bouncermail@eccbounced.com,bounce,E1-65Q-DVD,completed,false,0000007668805419
ts_248,g88071b958c8e93c,web,green_mountain_energy,residential,fixed,Pollution Free Farm to Market Reliable Rate,pollution_free_farm_to_market_reliable_rate,ny,electric,coned,John,coned,331656 Shelby Lopez St.,'11701,AMITYVILLE,'624866811672256,bouncy@mcbounceface.com,bounce,E1-LPK-M4A,completed,false,0000007668805420
ts_249,g9029856dd411fd0,web,green_mountain_energy,residential,fixed,Pollution Free 24,pollution_free_24_wc,ny,electric,coned,John,coned,790709 Lance Bryant St.,'11566,MERRICK,'986943037032239,thiswillbounce@thisbounces.com,bounce,E1-QKZ-E8A,completed,false,0000007668805421
ts_250,gb2ca12a3bc59777,web,green_mountain_energy,residential,fixed,Pollution Free Reliable Rate,pollution_free_reliable_rate,ny,electric,coned,Anthony,coned,375157 Patricia Bender St.,'11266,BROOKLYN,'645531604490394,bouncedmail@eccbounce.com,bounce,E1-86L-DXA,completed,false,0000007668805422
ts_251,gdb048c4b6d273e9,web,green_mountain_energy,residential,fixed,Pollution Free Reliable Rate,pollution_free_reliable_rate_wc,ny,electric,coned,Victoria,coned,473857 Martin Pruitt St.,'11566,MERRICK,'430337332778213,bouncermail@eccbounced.com,bounce,E1-DVL-N9R,completed,false,0000007668805423
ts_252,g4310ddcf5a08342,web,green_mountain_energy,residential,fixed,Pollution Free Reliable Rate,pollution_free_reliable_rate,md,electric,delmarva,Deanna,delmarva,703670 Shannon Maynard St.,'21146,SEVERNA PARK,'05976316699779463135003,bouncy@mcbounceface.com,bounce,E1-5LX-DY7,completed,false,0000007668805424
ts_253,g8a0db95ff669327,web,green_mountain_energy,residential,fixed,SolarSPARC 10%12,solarsparc_10_smart_12,md,electric,delmarva,Joe,delmarva,431789 Cameron Watson St.,'20882,GAITHERSBURG,'05610000887003212460021,thiswillbounce@thisbounces.com,bounce,E1-WER-WZZ,completed,false,0000007668805425
ts_254,gb4a87bba4e210f0,web,green_mountain_energy,residential,variable,Green Mountain Family,green_mountain_family,md,electric,delmarva,Gina,delmarva,236478 John Warner St.,'21409,ANNAPOLIS,'05991616871114167239129,bouncedmail@eccbounce.com,bounce,E1-N7A-V6K,completed,false,0000007668805426
ts_255,g71266d19f715680,web,green_mountain_energy,residential,fixed,Pollution Free Farm to Market Reliable Rate,pollution_free_farm_to_market_reliable_rate,pa,electric,duq,George,duq,99098 Scott Anderson St.,'15061,MONACA,'8335611921676,bouncermail@eccbounced.com,bounce,E1-KK6-ZEM,completed,false,0000007668805427
ts_256,g74f2e277f0da48f,web,green_mountain_energy,residential,fixed,Pollution Free Reliable Rate,pollution_free_reliable_rate,pa,electric,duq,Angela,duq,13003 Vincent Jimenez St.,'15225,PITTSBURGH,'3276828944634,bouncy@mcbounceface.com,bounce,E1-PZ9-XQR,completed,false,0000007668805428
ts_257,gaeb52321df3506c,web,green_mountain_energy,residential,variable,Green Mountain Family,green_mountain_family,pa,electric,duq,Henry,duq,956362 Timothy Chen St.,'15145,TURTLE CREEK,'4685958861135,thiswillbounce@thisbounces.com,bounce,E1-A46-YM7,completed,false,0000007668805429
ts_258,gc175bdcea5620ad,web,green_mountain_energy,residential,fixed,SolarSPARC 10%12,solarsparc_10_smart_12,pa,electric,duq,Jennifer,duq,907430 Cynthia Herrera St.,'15052,INDUSTRY,'8573237147150,bouncedmail@eccbounce.com,bounce,E1-765-DLR,completed,false,0000007668805430
ts_259,g1b2d4c2c0211803,web,green_mountain_energy,residential,variable,Green Mountain Family,green_mountain_family,ma,electric,meco,Sydney,meco,478784 Cassidy Green St.,'02045,PEMBROKE,'5580381431,bouncermail@eccbounced.com,bounce,E1-9KL-D85,completed,false,0000007668805431
ts_260,g9e9fecc89399489,web,green_mountain_energy,residential,fixed,Pollution Free Reliable Rate,pollution_free_reliable_rate,ma,electric,meco,Tracey,meco,401536 David Delacruz St.,'02056,HULL,'5808439838,bouncy@mcbounceface.com,bounce,E1-Z6R-DN5,completed,false,0000007668805432
ts_261,gcfa81d59d2205c5,web,green_mountain_energy,residential,fixed,SolarSPARC 10%12,solarsparc_10_smart_12,ma,electric,meco,Sherry,meco,801236 Karen Garcia St.,'01945,PEMBROKE,'2488372077,thiswillbounce@thisbounces.com,bounce,E1-MAP-NDZ,completed,false,0000007668805433
ts_262,g194a55a0a752a3d,web,green_mountain_energy,residential,fixed,Pollution Free Farm to Market Reliable Rate,pollution_free_farm_to_market_reliable_rate,pa,electric,meted,Seth,meted,596916 Alex Rios St.,'19503,BALLY,'08818310587926534165,bouncedmail@eccbounce.com,bounce,E1-Y5R-DEV,completed,false,0000007668805434
ts_263,g69ddc718eed61d8,web,green_mountain_energy,residential,fixed,SolarSPARC 10%12,solarsparc_10_smart_12,pa,electric,meted,Susan,meted,551057 Michael Schmidt St.,'17078,PALMYRA,'08462572012619295999,bouncermail@eccbounced.com,bounce,E1-VZX-DVZ,completed,false,0000007668805435
ts_264,g8d688966e1294b9,web,green_mountain_energy,residential,fixed,Pollution Free Reliable Rate,pollution_free_reliable_rate,pa,electric,meted,William,meted,813240 Michael Hartman St.,'19503,BALLY,'08367613158729232946,bouncy@mcbounceface.com,bounce,E1-BX6-VY7,completed,false,0000007668805436
ts_265,gcea97141421ea3b,web,green_mountain_energy,residential,variable,Green Mountain Family,green_mountain_family,pa,electric,meted,Pamela,meted,13395 Austin Booth St.,'17362,SPRING GROVE,'08957598554849646461,thiswillbounce@thisbounces.com,bounce,E1-XER-DX7,completed,false,0000007668805437
ts_266,g66e737bf564b0bb,web,green_mountain_energy,residential,variable,Green Mountain Family,green_mountain_family,ma,electric,ngntkt,Kevin,ngntkt,533353 Lacey Barrett St.,'02584,Nantucket,'1615701807,bouncedmail@eccbounce.com,bounce,E1-EBQ-EXR,completed,false,0000007668805438
ts_267,gc0ffcbc2558eeb2,web,green_mountain_energy,residential,fixed,Pollution Free Reliable Rate,pollution_free_reliable_rate,ma,electric,ngntkt,Timothy,ngntkt,448926 Brenda Hayes St.,'02584,Nantucket,'4143736060,bouncermail@eccbounced.com,bounce,E1-KK6-ZQL,completed,false,0000007668805439
ts_268,gfbf5efa5c066784,web,green_mountain_energy,residential,fixed,SolarSPARC 10%12,solarsparc_10_smart_12,ma,electric,ngntkt,Pamela,ngntkt,206078 Savannah Wilson St.,'02584,Nantucket,'8711731301,bouncy@mcbounceface.com,bounce,E1-PZ9-XA9,completed,false,0000007668805440
ts_269,g294c4d46e3e5ba4,web,green_mountain_energy,residential,fixed,Pollution Free Farm to Market Reliable Rate,pollution_free_farm_to_market_reliable_rate,ny,electric,ngrid,Stanley,ngrid,629367 Michelle Miller St.,'11236,BROOKLYN,'8742524247,thiswillbounce@thisbounces.com,bounce,E1-A46-YMY,completed,false,0000007668805441
ts_270,g418effe855c3904,web,green_mountain_energy,residential,fixed,SolarSPARC 10% 12,solarsparc_10_smart_12,ny,electric,ngrid,Carl,ngrid,454409 Erin Bowen St.,'12534,STOCKPORT,'5836306993,bouncedmail@eccbounce.com,bounce,E1-765-DLY,completed,false,0000007668805442
ts_271,g74370d77edb958f,web,green_mountain_energy,residential,fixed,Pollution Free 24,pollution_free_24,ny,electric,ngrid,Philip,ngrid,947412 Paul Flowers St.,'13360,INLET,'4986382113,bouncermail@eccbounced.com,bounce,E1-9KL-D8M,completed,false,0000007668805443
ts_272,g62f323f9539fff2,web,green_mountain_energy,residential,fixed,Pollution Free Reliable Rate,pollution_free_reliable_rate,ny,electric,nyseg,Vanessa,nyseg,17230 Eugene Conway St.,'12528,HIGHLAND,'N01512267741057,bouncy@mcbounceface.com,bounce,E1-Z6R-DN8,completed,false,0000007668805444
ts_273,g7b524985097b818,web,green_mountain_energy,residential,fixed,SolarSPARC 10% 12,solarsparc_10_smart_12,ny,electric,nyseg,Billy,nyseg,315162 Eric Contreras St.,'10003,NEW YORK,'N01997157257681,thiswillbounce@thisbounces.com,bounce,E1-MAP-NDM,completed,false,0000007668805445
ts_274,ga01f6bab55d673c,web,green_mountain_energy,residential,fixed,Pollution Free 24,pollution_free_24,ny,electric,nyseg,James,nyseg,477168 Jamie Douglas St.,'10003,NEW YORK,'N01291090595883,bouncedmail@eccbounce.com,bounce,E1-Y5R-DEZ,completed,false,0000007668805446
ts_275,gb4c2a962174500d,web,green_mountain_energy,residential,fixed,Pollution Free Farm to Market Reliable Rate,pollution_free_farm_to_market_reliable_rate,ny,electric,nyseg,Laura,nyseg,654441 James Nicholson St.,'10003,NEW YORK,'N01229163823364,bouncermail@eccbounced.com,bounce,E1-VZX-DVN,completed,false,0000007668805447
ts_276,g2901155079218d8,web,green_mountain_energy,residential,fixed,Pollution Free Reliable Rate,pollution_free_reliable_rate,ny,electric,oru,Mark,oru,199497 Brian Hanson St.,'14220,BUFFALO,'3798838181,bouncy@mcbounceface.com,bounce,E1-BX6-VYY,completed,false,0000007668805448
ts_277,g8fa92b78d9fcaf5,web,green_mountain_energy,residential,fixed,Pollution Free 24,pollution_free_24,ny,electric,oru,Jason,oru,993010 Jacqueline Berry St.,'14220,BUFFALO,'3090102982,thiswillbounce@thisbounces.com,bounce,E1-XER-DX5,completed,false,0000007668805449
ts_278,ga9ceeb1bd246c4e,web,green_mountain_energy,residential,fixed,Pollution Free Farm to Market Reliable Rate,pollution_free_farm_to_market_reliable_rate,ny,electric,oru,Brian,oru,857504 Karen Smith St.,'14220,BUFFALO,'6013812283,bouncedmail@eccbounce.com,bounce,E1-EBQ-EX4,completed,false,0000007668805450
ts_279,gd9ffd58e144a00f,web,green_mountain_energy,residential,fixed,SolarSPARC 10% 12,solarsparc_10_smart_12,ny,electric,oru,Mary,oru,362451 Stephanie Brooks St.,'14220,BUFFALO,'9656111373,bouncermail@eccbounced.com,bounce,E1-46B-D7V,completed,false,0000007668805451
ts_280,g19d01daead9bb8e,web,green_mountain_energy,residential,variable,Green Mountain Family,green_mountain_family,pa,electric,peco,Marvin,peco,588814 Melissa Munoz St.,'19382,WEST CHESTER,'7049975176,bouncy@mcbounceface.com,bounce,E1-RPM-DRY,completed,false,0000007668805452
ts_282,g5fc801d5c1d8bb8,web,green_mountain_energy,small_business,fixed,GNESBFIX2,rate_category,pa,electric,peco,Vicki,peco,375274 Heather Mcpherson St.,'19319,CHEYNEY,'8597054561,bouncedmail@eccbounce.com,bounce,E1-LPK-MY9,error,false,
ts_283,g98b7fc78e66bc5d,web,green_mountain_energy,residential,variable,GNERVAR2,rate_category,pa,electric,peco,Kelly,peco,925277 John Morgan St.,'19453,MONT CLARE,'9862247184,bouncermail@eccbounced.com,bounce,E1-QKZ-E4B,completed,false,0000007668805454
ts_284,ge04161be4ab5997,web,green_mountain_energy,residential,fixed,Pollution Free Reliable Rate,pollution_free_reliable_rate,pa,electric,peco,Amy,peco,743096 Sherry Williams St.,'19067,MORRISVILLE,'3632322259,bouncy@mcbounceface.com,bounce,E1-86L-DN5,completed,false,0000007668805457
ts_285,gec34673cdf95cff,web,green_mountain_energy,residential,fixed,GNERFIX2,rate_category,pa,electric,peco,Amy,peco,723973 Joshua Wilson St.,'19478,SPRING MOUNT,'2745270688,thiswillbounce@thisbounces.com,bounce,E1-DVL-N5V,completed,false,0000007668805462
ts_286,gfaffb74813b5c4d,web,green_mountain_energy,residential,fixed,Pollution Free Farm to Market Reliable Rate,pollution_free_farm_to_market_reliable_rate,pa,electric,peco,William,peco,546094 Deborah Fisher St.,'19086,WALLINGFORD,'3395142557,bouncedmail@eccbounce.com,bounce,E1-5LX-D9E,completed,false,0000007668805464
ts_287,g05104d4689e5a7b,web,green_mountain_energy,residential,fixed,Pollution Free Farm to Market Reliable Rate,pollution_free_farm_to_market_reliable_rate,pa,electric,penelec,Krystal,penelec,105145 Mrs. Tiffany Rivera MD St.,'15951,SAINT MICHAEL,'08498788614466219953,bouncermail@eccbounced.com,bounce,E1-WER-WDA,completed,false,0000007668805473
ts_288,g4f3f99e713dc784,web,green_mountain_energy,residential,fixed,Pollution Free Reliable Rate,pollution_free_reliable_rate,pa,electric,penelec,Lance,penelec,99696 Marilyn Coleman St.,'16240,MAYPORT,'08623405104231646699,bouncy@mcbounceface.com,bounce,E1-N7A-VN4,completed,false,0000007668805480
ts_289,g91e89960e743062,web,green_mountain_energy,residential,variable,Green Mountain Family,green_mountain_family,pa,electric,penelec,Christopher,penelec,152692 Jennifer Snyder St.,'16508,ERIE,'08400703614118669608,thiswillbounce@thisbounces.com,bounce,E1-KK6-ZML,completed,false,0000007668805481
ts_290,gef0a12ea58a0a10,web,green_mountain_energy,residential,fixed,SolarSPARC 10%12,solarsparc_10_smart_12,pa,electric,penelec,Nichole,penelec,482605 Anna Hernandez St.,'16036,FOXBURG,'08786264999076592246,bouncedmail@eccbounce.com,bounce,E1-PZ9-XE9,completed,false,0000007668805482
ts_291,g0b0938a8351c963,web,green_mountain_energy,residential,fixed,Pollution Free Reliable Rate,pollution_free_reliable_rate,pa,electric,penn,Amy,penn,115521 Sara Morse St.,'15066,NEW BRIGHTON,'08587644036140548016,bouncermail@eccbounced.com,bounce,E1-A46-YQY,completed,false,0000007668805483
ts_292,g2a41f7f37825239,web,green_mountain_energy,residential,variable,Green Mountain Family,green_mountain_family,pa,electric,penn,Maria,penn,98102 Stacey Robinson St.,'16134,JAMESTOWN,'08214790776730360404,bouncy@mcbounceface.com,bounce,E1-765-DMY,completed,false,0000007668805484
ts_293,g721ecc760701c90,web,green_mountain_energy,residential,fixed,SolarSPARC 10%12,solarsparc_10_smart_12,pa,electric,penn,Brian,penn,292660 Michael Maldonado St.,'15005,BADEN,'08178306706718693189,thiswillbounce@thisbounces.com,bounce,E1-9KL-DVM,completed,false,0000007668805485
ts_294,g891874c0ac898eb,web,green_mountain_energy,residential,fixed,Pollution Free Farm to Market Reliable Rate,pollution_free_farm_to_market_reliable_rate,pa,electric,penn,Robert,penn,764547 Courtney Gonzalez St.,'15086,WARRENDALE,'08546468725268080998,bouncedmail@eccbounce.com,bounce,E1-Z6R-DP8,completed,false,0000007668805486
ts_295,g04806563c0ff681,web,green_mountain_energy,residential,variable,Green Mountain Family,green_mountain_family,md,electric,pepco,Angela,pepco,779898 Michael Roberts St.,'21842,OCEAN CITY,'05302542265670972160661,bouncermail@eccbounced.com,bounce,E1-MAP-NVM,completed,false,0000007668805487
ts_296,g2408bac766094e8,web,green_mountain_energy,residential,fixed,SolarSPARC 10%12,solarsparc_10_smart_12,md,electric,pepco,Jessica,pepco,84348 Carol Griffith St.,'21015,BEL AIR,'05233483746241725388473,bouncy@mcbounceface.com,bounce,E1-Y5R-DKZ,completed,false,0000007668805488
ts_297,g549586d55f86e9d,web,green_mountain_energy,residential,fixed,Pollution Free Reliable Rate,pollution_free_reliable_rate,md,electric,pepco,Robert,pepco,447481 Christopher Taylor St.,'21842,OCEAN CITY,'05262538059647868912326,thiswillbounce@thisbounces.com,bounce,E1-VZX-D8N,completed,false,0000007668805489
ts_298,g23bf21b62029a20,web,green_mountain_energy,residential,fixed,Pollution Free Reliable Rate,pollution_free_reliable_rate,pa,electric,ppl,Alexandria,ppl,332539 James Joseph St.,'18705,WILKES BARRE,'3744591473,bouncedmail@eccbounce.com,bounce,E1-BX6-V8Y,completed,false,0000007668805490
ts_299,g244970b48c14465,web,green_mountain_energy,residential,fixed,GNERTUST,rate_category,pa,electric,ppl,Lisa,ppl,501676 Jessica Huang St.,'17104,HARRISBURG,'7679439006,bouncermail@eccbounced.com,bounce,E1-XER-D55,completed,false,0000007668805491
ts_300,g7942d07f4e415dc,web,green_mountain_energy,residential,fixed,SolarSPARC 10%12,solarsparc_10_smart_12,pa,electric,ppl,Joseph,ppl,851778 Francisco Russell St.,'17851,MOUNT CARMEL,'7414745127,bouncy@mcbounceface.com,bounce,E1-EBQ-EK4,completed,false,0000007668805492
ts_301,g8948b6d1585a0a6,web,green_mountain_energy,residential,fixed,Pollution Free TimeWise 12,gme_ppl_tou,pa,electric,ppl,Gabriel,ppl,207752 Benjamin Suarez St.,'17842,MIDDLEBURG,'5308945715,thiswillbounce@thisbounces.com,bounce,E1-46B-DWV,completed,false,0000007668805493
ts_302,gb417faf033a779f,web,green_mountain_energy,residential,fixed,Pollution Free Farm to Market Reliable Rate,pollution_free_farm_to_market_reliable_rate,pa,electric,ppl,Barbara,ppl,490391 Lisa Ritter St.,'17832,MARION HEIGHT,'9529448926,bouncedmail@eccbounce.com,bounce,E1-RPM-D8Y,completed,false,0000007668805494
ts_304,gcd268a2ac10108a,web,green_mountain_energy,residential,variable,Green Mountain Family,green_mountain_family,pa,electric,ppl,Danielle,ppl,546398 Timothy Beck St.,'17737,HUGHESVILLE,'9396469478,bouncy@mcbounceface.com,bounce,E1-LPK-MZ9,completed,false,0000007668805496
ts_305,g6d665892b054b7e,web,green_mountain_energy,residential,variable,Green Mountain Family,green_mountain_family,nj,electric,reco,Brian,reco,394638 Ashley Booth St.,'07029,PARK RIDGE,'8261096380,thiswillbounce@thisbounces.com,bounce,E1-QKZ-ELB,completed,false,0000007668805497
ts_306,g76eadab3dc84520,web,green_mountain_energy,residential,fixed,Pollution Free Reliable Rate,pollution_free_reliable_rate,nj,electric,reco,Wesley,reco,60130 Barbara Edwards St.,'08846,MAPLEWOOD,'5968508199,bouncedmail@eccbounce.com,bounce,E1-86L-DY5,completed,false,0000007668805498
ts_307,gf5a18bbfbd99942,web,green_mountain_energy,residential,fixed,SolarSPARC 10%12,solarsparc_10_smart_12,nj,electric,reco,Amy,reco,218385 Ryan Oliver St.,'07029,HARRISON,'5336180384,bouncermail@eccbounced.com,bounce,E1-DVL-NXV,completed,false,0000007668805499
ts_308,g196a26f85286c53,web,green_mountain_energy,residential,fixed,Pollution Free 24,pollution_free_24,ny,electric,rge,Patricia,rge,559625 Joshua Kelly St.,'14420,Brockport,'R01873986063197,bouncy@mcbounceface.com,bounce,E1-5LX-DPE,completed,false,0000007668805500
ts_309,g5277877c9b61f54,web,green_mountain_energy,residential,fixed,Pollution Free Reliable Rate,pollution_free_reliable_rate,ny,electric,rge,Jesse,rge,767805 Peter Lindsey St.,'14519,Ontario,'R01200604023025,thiswillbounce@thisbounces.com,bounce,E1-WER-WMA,completed,false,0000007668805501
ts_310,ga4baeb16b2f8c3b,web,green_mountain_energy,residential,fixed,SolarSPARC 10% 12,solarsparc_10_smart_12,ny,electric,rge,Mark,rge,299017 Peggy Black St.,'14551,Sodus,'R01511725290651,bouncedmail@eccbounce.com,bounce,E1-N7A-VB4,completed,false,0000007668805502
ts_311,gab02e6e556573f6,web,green_mountain_energy,residential,fixed,Pollution Free Farm to Market Reliable Rate,pollution_free_farm_to_market_reliable_rate,ny,electric,rge,Jessica,rge,208866 Tricia Gomez St.,'14616,Rochester,'R01300077204792,bouncermail@eccbounced.com,bounce,E1-KK6-Z7L,completed,false,0000007668805503
ts_312,g00164a75659d6e5,web,green_mountain_energy,residential,fixed,Pollution Free Reliable Rate,pollution_free_reliable_rate,ma,electric,wmeco,Charles,wmeco,80001 Emily Nunez St.,'01260,BRIDGEPORT,'921887331,bouncy@mcbounceface.com,bounce,E1-PZ9-XR9,completed,false,0000007668805504
ts_313,g256b835c0760f1b,web,green_mountain_energy,residential,variable,Green Mountain Family,green_mountain_family,ma,electric,wmeco,Andrew,wmeco,877782 Sheri Brooks St.,'01084,MONTGOMERY,'506288472,thiswillbounce@thisbounces.com,bounce,E1-A46-Y9Y,completed,false,0000007668805505
ts_314,gbfb53bb14a115bf,web,green_mountain_energy,residential,fixed,SolarSPARC 10%12,solarsparc_10_smart_12,ma,electric,wmeco,Brenda,wmeco,765107 William Ramos St.,'01072,EAST OTIS,'338459266,bouncedmail@eccbounce.com,bounce,E1-765-DZY,completed,false,0000007668805506
ts_315,g091e77b2c493ff9,web,green_mountain_energy,residential,fixed,SolarSPARC 10%12,solarsparc_10_smart_12,pa,electric,wpp,Lindsey,wpp,901147 Anne Bass St.,'16877,WARRIORS MARK,'08250173051623905485,bouncermail@eccbounced.com,bounce,E1-9KL-DBM,completed,false,0000007668805507
ts_316,g3830b2aa4d5625a,web,green_mountain_energy,residential,fixed,Pollution Free Reliable Rate,pollution_free_reliable_rate,pa,electric,wpp,Willie,wpp,577110 George Brooks St.,'15834,EMPORIUM,'08243560688221918629,bouncy@mcbounceface.com,bounce,E1-Z6R-D48,completed,false,0000007668805508
ts_317,ge4880039a9bc2e6,web,green_mountain_energy,residential,fixed,Pollution Free Farm to Market Reliable Rate,pollution_free_farm_to_market_reliable_rate,pa,electric,wpp,Michelle,wpp,772598 Lauren Campbell St.,'15671,NEW DERRY,'08888573361015431428,thiswillbounce@thisbounces.com,bounce,E1-MAP-NYM,completed,false,0000007668805509
ts_318,gfed219b18969e3e,web,green_mountain_energy,residential,fixed,Pollution Free Reliable Rate,pollution_free_reliable_rate,ny,electric,ngrid,Christopher,ngrid,616328 Jason Vasquez St.,'13040,Cincinnatus,'1034101701,bouncy@mcbounceface.com,bounce,E1-Y5R-DXZ,completed,false,0000007668805510
ts_220,g91a4be5063e374e,web,green_mountain_energy,residential,fixed,SolarSPARC 10%12,solarsparc_10_smart_12,md,electric,bge,Susan,bge,531040 Lori Alvarez St.,'21236,NOTTINGHAM,'8420394364,bouncy@mcbounceface.com,bounce,E1-VZX-D9N,completed,false,0000007668805516
ts_244,g329bf77638fca60,web,green_mountain_energy,residential,fixed,SolarSPARC 10% 12,solarsparc_10_smart_12,ny,electric,coned,Jerry,coned,539126 Cynthia Guerra St.,'11266,BROOKLYN,'776792590131153,bouncy@mcbounceface.com,bounce,E1-BX6-VMY,completed,false,0000007668805517
ts_250,gb2ca12a3bc59777,web,green_mountain_energy,residential,fixed,Pollution Free Reliable Rate,pollution_free_reliable_rate,ny,electric,coned,John,coned,768721 David Montgomery St.,'11266,BROOKLYN,'946013534184700,bouncedmail@eccbounce.com,bounce,E1-XER-DV5,completed,false,0000007668805518
ts_250,gb2ca12a3bc59777,web,green_mountain_energy,residential,fixed,Pollution Free Reliable Rate,pollution_free_reliable_rate,ny,electric,coned,Justin,coned,681818 Andrea Diaz St.,'11266,BROOKLYN,'924435171626534,bouncedmail@eccbounce.com,bounce,E1-EBQ-E44,completed,false,0000007668805519
ts_244,g329bf77638fca60,web,green_mountain_energy,residential,fixed,SolarSPARC 10% 12,solarsparc_10_smart_12,ny,electric,coned,Casey,coned,386696 Steven Hughes St.,'11266,BROOKLYN,'458527239307195,bouncy@mcbounceface.com,bounce,E1-46B-9VV,completed,false,0000007668805520
ts_244,g329bf77638fca60,web,green_mountain_energy,residential,fixed,SolarSPARC 10% 12,solarsparc_10_smart_12,ny,electric,coned,Renee,coned,178124 Alicia Pollard St.,'11566,MERRICK,'545495827125040,bouncy@mcbounceface.com,bounce,E1-RPM-V5Y,completed,false,0000007668805521
ts_250,gb2ca12a3bc59777,web,green_mountain_energy,residential,fixed,Pollution Free Reliable Rate,pollution_free_reliable_rate,ny,electric,coned,Zoe,coned,68511 Deborah Allen St.,'11266,BROOKLYN,'136229907665793,bouncedmail@eccbounce.com,bounce,E1-65Q-M4Y,completed,false,0000007668805522
ts_233,g132d13c46de7473,web,green_mountain_energy,small_business,variable,GNESBVAR,rate_category,il,electric,comed,Paul,comed,532365 Sarah Powell St.,'60612,CHICAGO,'8104881478,thiswillbounce@thisbounces.com,bounce,E1-LPK-A79,error,false,
ts_250,gb2ca12a3bc59777,web,green_mountain_energy,residential,fixed,Pollution Free Reliable Rate,pollution_free_reliable_rate,ny,electric,coned,Daniel,coned,657445 Ralph Campbell St.,'11266,BROOKLYN,'705290868235460,bouncedmail@eccbounce.com,bounce,E1-QKZ-YRB,completed,false,0000007668805524
ts_281,g38d9eeae98d8770,web,green_mountain_energy,residential,fixed,SolarSPARC 10%12,solarsparc_10_smart_12,pa,electric,peco,Brian,peco,439570 Michelle Pierce St.,'18963,SOLEBURY,'7416362749,thiswillbounce@thisbounces.com,bounce,E1-86L-VB5,completed,false,0000007668805525
ts_301,g8948b6d1585a0a6,web,green_mountain_energy,residential,fixed,Pollution Free TimeWise 12,gme_ppl_tou,pa,electric,ppl,Linda,ppl,590973 Adam Carroll St.,'17842,MIDDLEBURG,'9860459452,thiswillbounce@thisbounces.com,bounce,E1-DVL-YDV,completed,false,0000007668805526
ts_302,gb417faf033a779f,web,green_mountain_energy,residential,fixed,Pollution Free Farm to Market Reliable Rate,pollution_free_farm_to_market_reliable_rate,pa,electric,ppl,Philip,ppl,904035 Danielle Martin St.,'17832,MARION HEIGHT,'9711634082,bouncedmail@eccbounce.com,bounce,E1-5LX-Z5E,completed,false,0000007668805527
ts_303,gcceb4391c50568a,web,green_mountain_energy,residential,fixed,Pollution Free TimeWise 12,gme_ppl_tou,pa,electric,ppl,Patrick,ppl,900082 Dakota Freeman St.,'17076,OAKLAND MILLS,'5601844766,bouncermail@eccbounced.com,bounce,E1-WER-Q4A,completed,false,0000007668805528
ts_250,gb2ca12a3bc59777,web,green_mountain_energy,residential,fixed,Pollution Free Reliable Rate,pollution_free_reliable_rate,ny,electric,coned,Gary,coned,389875 Brittney Palmer St.,'11566,MERRICK,'341676513386570,bouncedmail@eccbounce.com,bounce,E1-N7A-9Q4,completed,false,0000007668805529
