Action,SKU,CampaignID,OfferID,BrandSlug,ChannelSlug,SubChannel,Ranking,ProductSlug,ProductName,ProductDescription,BaseProduct,ProductPath,ExpirationDate,StateSlug,Commodity,UtilitySlug,UtilityZone,PremiseType,PricingTerm,PricingEngineLockType,TermsOfServiceType,UtilityRate,Rate,UtilityOnPeakRate,OnPeakRate,UtilityOffPeakRate,OffPeakRate,PenaltyType,EarlyCancellationFee,DailyServiceCharge,MonthlyServiceCharge,VASCode,ProductEligibilityClass,Adder,PartnerCode,PromoCode,MerchandiseText,MerchandiseSlug,MerchandiseVesting,SignupBonus,SignupVesting,OngoingValue,OngoingFrequency,PriorityLevel,TermsOfServiceTemplate,RequiresPriceChangeNotice,RateCategory,SKUEffectiveDate
None,g00164a75659d6e5,U-00006559,1000055966,green_mountain_energy,web,,,pollution_free_reliable_rate,Pollution Free Reliable Rate,100% National Wind,Pollution Free Reliable Rate,Pollution Free,12/31/9999,ma,electric,wmeco,,residential,12,contract,fixed,0.121,0.121,,,,,fixed,0.0,,,11,,,gme,702,,,,,,,,,GME_MA_E_TOS_Fix_10.26.18.docx,False,GNERFIX,2020-04-23
None,g03408ca6381de99,U-00006614,1000056030,green_mountain_energy,web,,,solarsparc_10_smart_12,SolarSPARC 10%12,"90% Natl Wind, 10% Natl Solar",solarsparc_10%,SolarSPARC,12/31/9999,md,electric,apmd,,residential,12,contract,fixed,0.095,0.095,,,,,fixed,0.0,,,16,,,gme,703,,,,,,,,,GME_MD_E_TOS_Fix_10.26.18.docx,False,GNERFIX,2020-04-23
None,g04806563c0ff681,U-00006562,1000055988,green_mountain_energy,web,,,green_mountain_family,Green Mountain Family,100% National Wind,Green Mountain Family,Green Mountain Family,12/31/9999,md,electric,pepco,,residential,1,intro,variable,0.076,0.076,,,,,,,,,11,,,gme,702,,,,,,,,18.0,GME_MD_E_TOS_Var_20140909.docx,False,GNYRVAR,2020-04-23
None,g05104d4689e5a7b,U-00006560,1000056008,green_mountain_energy,web,,,pollution_free_farm_to_market_reliable_rate,Pollution Free Farm to Market Reliable Rate,100% Local Wind,Pollution Free Farm to Market Reliable Rate,Pollution Free Farm to Market,12/31/9999,pa,electric,penelec,,residential,12,contract,fixed,0.087,0.087,,,,,fixed,0.0,,,13,,,gme,702,,,,,,,,,GME_PA_E_TOS_Fix_10.26.18.docx,False,GNERFIX,2020-04-23
None,g08814fc767b398d,U-00006569,1000055974,green_mountain_energy,web,,,pollution_free_reliable_rate,Pollution Free Reliable Rate,100% National Wind,Pollution Free Reliable Rate,Pollution Free,12/31/9999,md,electric,apmd,,residential,12,contract,fixed,0.085,0.085,,,,,fixed,0.0,,,11,,,gme,702,,,,,,,,,GME_MD_E_TOS_Fix_10.26.18.docx,False,GNERFIX,2020-04-23
None,g091e77b2c493ff9,U-00006564,1000056015,green_mountain_energy,web,,,solarsparc_10_smart_12,SolarSPARC 10%12,"90% Natl Wind, 10% Natl Solar",solarsparc_10%,SolarSPARC,12/31/9999,pa,electric,wpp,,residential,12,contract,fixed,0.08,0.08,,,,,fixed,0.0,,,16,,,gme,703,,,,,,,,,GME_PA_E_TOS_Fix_10.26.18.docx,False,GNERFIX,2020-04-23
None,g0b0938a8351c963,U-00006558,1000055968,green_mountain_energy,web,,,pollution_free_reliable_rate,Pollution Free Reliable Rate,100% National Wind,Pollution Free Reliable Rate,Pollution Free,12/31/9999,pa,electric,penn,,residential,12,contract,fixed,0.085,0.085,,,,,fixed,0.0,,,11,,,gme,702,,,,,,,,,GME_PA_E_TOS_Fix_10.26.18.docx,False,GNERFIX,2020-04-23
None,g132d13c46de7473,U-00006040,1000053113,green_mountain_energy,web,,,rate_category,GNESBVAR,100% National Wind,Fixed,,12/31/9999,il,electric,comed,,small_business,1,intro,variable,0.069,0.069,,,,,,,0.0,0.0,11,,,gme,702,,,,,,,,,,False,GNYSBVAR,2020-05-01
None,g1639eeb0379248e,U-00006559,1000055963,green_mountain_energy,web,,,pollution_free_reliable_rate,Pollution Free Reliable Rate,100% National Wind,Pollution Free Reliable Rate,Pollution Free,12/31/9999,ma,electric,come,,residential,12,contract,fixed,0.13,0.13,,,,,fixed,0.0,,,11,,,gme,702,,,,,,,,,GME_MA_E_TOS_Fix_10.26.18.docx,False,GNERFIX,2020-04-23
None,g194a55a0a752a3d,U-00006560,1000056009,green_mountain_energy,web,,,pollution_free_farm_to_market_reliable_rate,Pollution Free Farm to Market Reliable Rate,100% Local Wind,Pollution Free Farm to Market Reliable Rate,Pollution Free Farm to Market,12/31/9999,pa,electric,meted,,residential,12,contract,fixed,0.092,0.092,,,,,fixed,0.0,,,13,,,gme,702,,,,,,,,,GME_PA_E_TOS_Fix_10.26.18.docx,False,GNERFIX,2020-04-23
None,g196a26f85286c53,U-00005024,1000043289,green_mountain_energy,web,,,pollution_free_24,Pollution Free 24,100% National Wind,,,12/31/9999,ny,electric,rge,,residential,24,contract,fixed,0.061,0.061,,,,,fixed,0.0,0.0,0.0,11,,,gme,702,,,,,,,,,,False,GNYRFIX,2020-02-21
None,g19d01daead9bb8e,U-00006525,1000055997,green_mountain_energy,web,,,green_mountain_family,Green Mountain Family,100% National Wind,Green Mountain Family,Green Mountain Family,12/31/9999,pa,electric,peco,,residential,1,intro,variable,0.06,0.06,,,,,,,,,11,,,gme,702,,,,,,,,18.0,GME_PA_E_TOS_Var_20141214_FINAL.docx,False,GNERVAR2,2020-04-23
None,g1a131670769dc76,U-00004556,1000047611,green_mountain_energy,web,,,pollution_free_reliable_rate_wc,Pollution Free Reliable Rate,100% National Wind,,,12/31/9999,ny,electric,coned,H,residential,12,contract,fixed,0.087,0.087,,,,,fixed,0.0,0.0,0.0,11,,,gme,702,,,,,,,,,,False,GNYRFIX,2020-01-29
None,g1b2d4c2c0211803,U-00006557,1000055984,green_mountain_energy,web,,,green_mountain_family,Green Mountain Family,100% National Wind,Green Mountain Family,Green Mountain Family,12/31/9999,ma,electric,meco,,residential,1,intro,variable,0.125,0.125,,,,,,,,,11,,,gme,702,,,,,,,,18.0,GME_MA_E_TOS_Var_021215_FINAL.docx,False,GNYRVAR,2020-04-23
None,g1e7ac87aadea386,U-00004523,1000047613,green_mountain_energy,web,,,solarsparc_10_smart_12_wc,SolarSPARC 10% 12,"90% Natl Wind, 10% Natl Solar",,,12/31/9999,ny,electric,coned,I,residential,12,contract,fixed,0.091,0.091,,,,,fixed,0.0,0.0,0.0,16,,,gme,703,,,,,,,,,,False,GNYRFIX,2020-01-29
None,g201d199281dea05,U-00004554,1000037821,green_mountain_energy,web,,,pollution_free_farm_to_market_reliable_rate_wc,Pollution Free Farm to Market Reliable Rate,100% Local Wind,,,12/31/9999,ny,electric,coned,I,residential,12,contract,fixed,0.111,0.111,,,,,fixed,0.0,0.0,0.0,13,,,gme,702,,,,,,,,,,False,GNYRFIX,2019-07-16
None,g23bf21b62029a20,U-00006558,1000055960,green_mountain_energy,web,,,pollution_free_reliable_rate,Pollution Free Reliable Rate,100% National Wind,Pollution Free Reliable Rate,Pollution Free,12/31/9999,pa,electric,ppl,,residential,12,contract,fixed,0.09,0.09,,,,,fixed,0.0,,,11,,,gme,702,,,,,,,,,GME_PA_E_TOS_Fix_10.26.18.docx,False,GNERFIX,2020-04-23
None,g2408bac766094e8,U-00006614,1000056028,green_mountain_energy,web,,,solarsparc_10_smart_12,SolarSPARC 10%12,"90% Natl Wind, 10% Natl Solar",solarsparc_10%,SolarSPARC,12/31/9999,md,electric,pepco,,residential,12,contract,fixed,0.105,0.105,,,,,fixed,0.0,,,16,,,gme,703,,,,,,,,,GME_MD_E_TOS_Fix_10.26.18.docx,False,GNERFIX,2020-04-23
None,g244970b48c14465,U-00007045,1000053118,green_mountain_energy,web,,,rate_category,GNERTUST,100% National Wind,Fixed,Pollution Free PPL TOU,12/31/9999,pa,electric,ppl,,residential,12,contract,fixed,0.099,0.099,0.099,0.099,0.039,0.039,fixed,0.0,,,11,,,stp,702,,,,,,,,,GME_PA_E_TOS_PPLTOU_20160301.docx,False,GNERTUST,2020-05-01
None,g256b835c0760f1b,U-00006557,1000055986,green_mountain_energy,web,,,green_mountain_family,Green Mountain Family,100% National Wind,Green Mountain Family,Green Mountain Family,12/31/9999,ma,electric,wmeco,,residential,1,intro,variable,0.088,0.088,,,,,,,,,11,,,gme,702,,,,,,,,18.0,GME_MA_E_TOS_Var_021215_FINAL.docx,False,GNYRVAR,2020-04-23
None,g2901155079218d8,U-00004551,1000047606,green_mountain_energy,web,,,pollution_free_reliable_rate,Pollution Free Reliable Rate,100% National Wind,,,12/31/9999,ny,electric,oru,,residential,12,contract,fixed,0.086,0.086,,,,,fixed,0.0,0.0,0.0,11,,,gme,702,,,,,,,,,,False,GNYRFIX,2020-01-29
None,g294c4d46e3e5ba4,U-00004553,1000029302,green_mountain_energy,web,,,pollution_free_farm_to_market_reliable_rate,Pollution Free Farm to Market Reliable Rate,100% Local Wind,,,12/31/9999,ny,electric,ngrid,,residential,12,contract,fixed,0.08,0.08,,,,,fixed,0.0,0.0,0.0,13,,,gme,702,,,,,,,,,,False,GNYRFIX,2020-01-29
None,g2a41f7f37825239,U-00006525,1000055999,green_mountain_energy,web,,,green_mountain_family,Green Mountain Family,100% National Wind,Green Mountain Family,Green Mountain Family,12/31/9999,pa,electric,penn,,residential,1,intro,variable,0.06698,0.06698,,,,,,,,,11,,,gme,702,,,,,,,,18.0,GME_PA_E_TOS_Var_20141214_FINAL.docx,False,GNERVAR2,2020-04-23
None,g2af2aaca2250150,U-00006577,1000056019,green_mountain_energy,web,,,solarsparc_10_smart_12,SolarSPARC 10%12,"90% Natl Wind, 10% Natl Solar",solarsparc_10%,SolarSPARC,12/31/9999,ma,electric,camb,,residential,12,contract,fixed,0.14,0.14,,,,,fixed,0.0,,,16,,,gme,703,,,,,,,,,GME_MA_E_TOS_Fix_10.26.18.docx,False,GNERFIX,2020-04-23
None,g2e8f2b715ccfac7,U-00005024,1000049180,green_mountain_energy,web,,,pollution_free_24,Pollution Free 24,100% National Wind,,,12/31/9999,ny,electric,coned,J,residential,24,contract,fixed,0.105,0.105,,,,,fixed,0.0,0.2283,6.95,11,,,gme,702,,,,,,,,,,False,GNYRFIX,2020-02-21
None,g329bf77638fca60,U-00004521,1000037840,green_mountain_energy,web,,,solarsparc_10_smart_12,SolarSPARC 10% 12,"90% Natl Wind, 10% Natl Solar",,,12/31/9999,ny,electric,coned,J,residential,12,contract,fixed,0.105,0.105,,,,,fixed,0.0,0.2283,6.95,16,,,gme,703,,,,,,,,,,False,GNYRFIX,2020-01-29
None,g335a9647480b1a5,U-00005341,1000049181,green_mountain_energy,web,,,pollution_free_24_wc,Pollution Free 24,100% National Wind,,,12/31/9999,ny,electric,coned,I,residential,24,contract,fixed,0.087,0.087,,,,,fixed,0.0,0.0,0.0,11,,,gme,702,,,,,,,,,,False,GNYRFIX,2020-02-21
None,g354fe7596fdd458,U-00004523,1000047610,green_mountain_energy,web,,,solarsparc_10_smart_12_wc,SolarSPARC 10% 12,"90% Natl Wind, 10% Natl Solar",,,12/31/9999,ny,electric,coned,H,residential,12,contract,fixed,0.091,0.091,,,,,fixed,0.0,0.0,0.0,16,,,gme,703,,,,,,,,,,False,GNYRFIX,2020-01-29
None,g35f6c2393a46774,U-00006557,1000055983,green_mountain_energy,web,,,green_mountain_family,Green Mountain Family,100% National Wind,Green Mountain Family,Green Mountain Family,12/31/9999,ma,electric,come,,residential,1,intro,variable,0.097,0.097,,,,,,,,,11,,,gme,702,,,,,,,,18.0,GME_MA_E_TOS_Var_021215_FINAL.docx,False,GNYRVAR,2020-04-23
None,g3830b2aa4d5625a,U-00006558,1000055958,green_mountain_energy,web,,,pollution_free_reliable_rate,Pollution Free Reliable Rate,100% National Wind,Pollution Free Reliable Rate,Pollution Free,12/31/9999,pa,electric,wpp,,residential,12,contract,fixed,0.07,0.07,,,,,fixed,0.0,,,11,,,gme,702,,,,,,,,,GME_PA_E_TOS_Fix_10.26.18.docx,False,GNERFIX,2020-04-23
None,g38d9eeae98d8770,U-00006564,1000056026,green_mountain_energy,web,,,solarsparc_10_smart_12,SolarSPARC 10%12,"90% Natl Wind, 10% Natl Solar",solarsparc_10%,SolarSPARC,12/31/9999,pa,electric,peco,,residential,12,contract,fixed,0.092,0.092,,,,,fixed,0.0,,,16,,,gme,703,,,,,,,,,GME_PA_E_TOS_Fix_10.26.18.docx,False,GNERFIX,2020-04-23
None,g3aceddb6123c21f,U-00006569,1000055967,green_mountain_energy,web,,,pollution_free_reliable_rate,Pollution Free Reliable Rate,100% National Wind,Pollution Free Reliable Rate,Pollution Free,12/31/9999,md,electric,bge,,residential,12,contract,fixed,0.081,0.081,,,,,fixed,0.0,,,11,,,gme,702,,,,,,,,,GME_MD_E_TOS_Fix_10.26.18.docx,False,GNERFIX,2020-04-23
None,g402f79356122685,U-00006039,1000053112,green_mountain_energy,web,,,rate_category,GNESBFIX,100% National Wind,Fixed,,12/31/9999,il,electric,comed,,small_business,12,contract,fixed,0.069,0.069,,,,,fixed,0.0,0.0,0.0,11,,,gme,702,,,,,,,,,,False,GNYSBFIX,2020-05-01
None,g40d7b9b923a8b51,U-00004521,1000037812,green_mountain_energy,web,,,solarsparc_10_smart_12,SolarSPARC 10% 12,"90% Natl Wind, 10% Natl Solar",,,12/31/9999,ny,electric,chu,,residential,12,contract,fixed,0.075,0.075,,,,,fixed,0.0,0.0,0.0,16,,,gme,703,,,,,,,,,,False,GNYRFIX,2020-01-29
None,g418effe855c3904,U-00004521,1000047601,green_mountain_energy,web,,,solarsparc_10_smart_12,SolarSPARC 10% 12,"90% Natl Wind, 10% Natl Solar",,,12/31/9999,ny,electric,ngrid,,residential,12,contract,fixed,0.065,0.065,,,,,fixed,0.0,0.0,0.0,16,,,gme,703,,,,,,,,,,False,GNYRFIX,2020-01-29
None,g4310ddcf5a08342,U-00006569,1000055973,green_mountain_energy,web,,,pollution_free_reliable_rate,Pollution Free Reliable Rate,100% National Wind,Pollution Free Reliable Rate,Pollution Free,12/31/9999,md,electric,delmarva,,residential,12,contract,fixed,0.095,0.095,,,,,fixed,0.0,,,11,,,gme,702,,,,,,,,,GME_MD_E_TOS_Fix_10.26.18.docx,False,GNERFIX,2020-04-23
None,g4c4f93f13da0897,U-00004551,1000037810,green_mountain_energy,web,,,pollution_free_reliable_rate,Pollution Free Reliable Rate,100% National Wind,,,12/31/9999,ny,electric,chu,,residential,12,contract,fixed,0.065,0.065,,,,,fixed,0.0,0.0,0.0,11,,,gme,702,,,,,,,,,,False,GNYRFIX,2020-01-29
None,g4f3f99e713dc784,U-00006558,1000055959,green_mountain_energy,web,,,pollution_free_reliable_rate,Pollution Free Reliable Rate,100% National Wind,Pollution Free Reliable Rate,Pollution Free,12/31/9999,pa,electric,penelec,,residential,12,contract,fixed,0.07,0.07,,,,,fixed,0.0,,,11,,,gme,702,,,,,,,,,GME_PA_E_TOS_Fix_10.26.18.docx,False,GNERFIX,2020-04-23
None,g5277877c9b61f54,U-00004551,1000029354,green_mountain_energy,web,,,pollution_free_reliable_rate,Pollution Free Reliable Rate,100% National Wind,,,12/31/9999,ny,electric,rge,,residential,12,contract,fixed,0.061,0.061,,,,,fixed,0.0,0.0,0.0,11,,,gme,702,,,,,,,,,,False,GNYRFIX,2020-01-29
None,g549586d55f86e9d,U-00006569,1000055972,green_mountain_energy,web,,,pollution_free_reliable_rate,Pollution Free Reliable Rate,100% National Wind,Pollution Free Reliable Rate,Pollution Free,12/31/9999,md,electric,pepco,,residential,12,contract,fixed,0.095,0.095,,,,,fixed,0.0,,,11,,,gme,702,,,,,,,,,GME_MD_E_TOS_Fix_10.26.18.docx,False,GNERFIX,2020-04-23
None,g5fc801d5c1d8bb8,U-00007043,1000053116,green_mountain_energy,web,,,rate_category,GNESBFIX2,100% National Wind,Fixed,,12/31/9999,pa,electric,peco,,small_business,12,contract,fixed,0.069,0.069,,,,,fixed,0.0,0.0,0.0,11,,,gme,702,,,,,,,,,,False,GNESBFIX,2020-05-01
None,g60baa8b8f77e084,U-00006577,1000056018,green_mountain_energy,web,,,solarsparc_10_smart_12,SolarSPARC 10%12,"90% Natl Wind, 10% Natl Solar",solarsparc_10%,SolarSPARC,12/31/9999,ma,electric,beco,,residential,12,contract,fixed,0.14,0.14,,,,,fixed,0.0,,,16,,,gme,703,,,,,,,,,GME_MA_E_TOS_Fix_10.26.18.docx,False,GNERFIX,2020-04-23
None,g62f323f9539fff2,U-00004551,1000047605,green_mountain_energy,web,,,pollution_free_reliable_rate,Pollution Free Reliable Rate,100% National Wind,,,12/31/9999,ny,electric,nyseg,,residential,12,contract,fixed,0.063,0.063,,,,,fixed,0.0,0.0,0.0,11,,,gme,702,,,,,,,,,,False,GNYRFIX,2020-01-29
None,g66e737bf564b0bb,U-00006557,1000055985,green_mountain_energy,web,,,green_mountain_family,Green Mountain Family,100% National Wind,Green Mountain Family,Green Mountain Family,12/31/9999,ma,electric,ngntkt,,residential,1,intro,variable,0.125,0.125,,,,,,,,,11,,,gme,702,,,,,,,,18.0,GME_MA_E_TOS_Var_021215_FINAL.docx,False,GNYRVAR,2020-04-23
None,g69ddc718eed61d8,U-00006564,1000056027,green_mountain_energy,web,,,solarsparc_10_smart_12,SolarSPARC 10%12,"90% Natl Wind, 10% Natl Solar",solarsparc_10%,SolarSPARC,12/31/9999,pa,electric,meted,,residential,12,contract,fixed,0.082,0.082,,,,,fixed,0.0,,,16,,,gme,703,,,,,,,,,GME_PA_E_TOS_Fix_10.26.18.docx,False,GNERFIX,2020-04-23
None,g6d665892b054b7e,U-00006525,1000055994,green_mountain_energy,web,,,green_mountain_family,Green Mountain Family,100% National Wind,Green Mountain Family,Green Mountain Family,12/31/9999,nj,electric,reco,,residential,1,intro,variable,0.098,0.098,,,,,,,,,11,,,gme,702,,,,,,,,18.0,GME_PA_E_TOS_Var_20141214_FINAL.docx,False,GNERVAR2,2020-04-23
None,g71266d19f715680,U-00006560,1000056006,green_mountain_energy,web,,,pollution_free_farm_to_market_reliable_rate,Pollution Free Farm to Market Reliable Rate,100% Local Wind,Pollution Free Farm to Market Reliable Rate,Pollution Free Farm to Market,12/31/9999,pa,electric,duq,,residential,12,contract,fixed,0.1039,0.1039,,,,,fixed,0.0,,,13,,,gme,702,,,,,,,,,GME_PA_E_TOS_Fix_10.26.18.docx,False,GNERFIX,2020-04-23
None,g721ecc760701c90,U-00006564,1000056025,green_mountain_energy,web,,,solarsparc_10_smart_12,SolarSPARC 10%12,"90% Natl Wind, 10% Natl Solar",solarsparc_10%,SolarSPARC,12/31/9999,pa,electric,penn,,residential,12,contract,fixed,0.095,0.095,,,,,fixed,0.0,,,16,,,gme,703,,,,,,,,,GME_PA_E_TOS_Fix_10.26.18.docx,False,GNERFIX,2020-04-23
None,g727337e4bc33c7b,U-00006556,1000055978,green_mountain_energy,web,,,pollution_free_gz_12,Pollution Free with Goal Zero 12,100% national wind with GZ Torch 250 Flashlight,Pollution Free,Goal Zero,12/31/9999,md,electric,bge,,residential,12,contract,fixed,0.105,0.105,,,,,fixed,0.0,,,11,,,gze,154,Goal Zero Torch 250 Flashlight,gz_torch250,P1M,,,,,,GME_MD_E_TOS_Fix_01.09.2017,False,GNERFIX,2020-04-23
None,g74370d77edb958f,U-00005024,1000047602,green_mountain_energy,web,,,pollution_free_24,Pollution Free 24,100% National Wind,,,12/31/9999,ny,electric,ngrid,,residential,24,contract,fixed,0.07,0.07,,,,,fixed,0.0,0.0,0.0,11,,,gme,702,,,,,,,,,,False,GNYRFIX,2020-02-21
None,g74f2e277f0da48f,U-00006558,1000055969,green_mountain_energy,web,,,pollution_free_reliable_rate,Pollution Free Reliable Rate,100% National Wind,Pollution Free Reliable Rate,Pollution Free,12/31/9999,pa,electric,duq,,residential,12,contract,fixed,0.0889,0.0889,,,,,fixed,0.0,,,11,,,gme,702,,,,,,,,,GME_PA_E_TOS_Fix_10.26.18.docx,False,GNERFIX,2020-04-23
None,g76eadab3dc84520,U-00006563,1000055956,green_mountain_energy,web,,,pollution_free_reliable_rate,Pollution Free Reliable Rate,100% National Wind,Pollution Free Reliable Rate,Pollution Free,12/31/9999,nj,electric,reco,,residential,12,contract,fixed,0.12,0.12,,,,,fixed,0.0,,,11,,,gme,702,,,,,,,,,GME_NJ_E_TOS_Fix_10.26.18,False,GNERFIX2,2020-04-23
None,g7942d07f4e415dc,U-00006564,1000056017,green_mountain_energy,web,,,solarsparc_10_smart_12,SolarSPARC 10%12,"90% Natl Wind, 10% Natl Solar",solarsparc_10%,SolarSPARC,12/31/9999,pa,electric,ppl,,residential,12,contract,fixed,0.1,0.1,,,,,fixed,0.0,,,16,,,gme,703,,,,,,,,,GME_PA_E_TOS_Fix_10.26.18.docx,False,GNERFIX,2020-04-23
None,g7b524985097b818,U-00004521,1000047603,green_mountain_energy,web,,,solarsparc_10_smart_12,SolarSPARC 10% 12,"90% Natl Wind, 10% Natl Solar",,,12/31/9999,ny,electric,nyseg,,residential,12,contract,fixed,0.068,0.068,,,,,fixed,0.0,0.0,0.0,16,,,gme,703,,,,,,,,,,False,GNYRFIX,2020-01-29
None,g8557d0b669a214c,U-00004554,1000029348,green_mountain_energy,web,,,pollution_free_farm_to_market_reliable_rate_wc,Pollution Free Farm to Market Reliable Rate,100% Local Wind,,,12/31/9999,ny,electric,coned,H,residential,12,contract,fixed,0.111,0.111,,,,,fixed,0.0,0.0,0.0,13,,,gme,702,,,,,,,,,,False,GNYRFIX,2019-07-16
None,g88071b958c8e93c,U-00004553,1000037839,green_mountain_energy,web,,,pollution_free_farm_to_market_reliable_rate,Pollution Free Farm to Market Reliable Rate,100% Local Wind,,,12/31/9999,ny,electric,coned,J,residential,12,contract,fixed,0.115,0.115,,,,,fixed,0.0,0.2283,6.95,13,,,gme,702,,,,,,,,,,False,GNYRFIX,2020-01-29
None,g891874c0ac898eb,U-00006560,1000056005,green_mountain_energy,web,,,pollution_free_farm_to_market_reliable_rate,Pollution Free Farm to Market Reliable Rate,100% Local Wind,Pollution Free Farm to Market Reliable Rate,Pollution Free Farm to Market,12/31/9999,pa,electric,penn,,residential,12,contract,fixed,0.105,0.105,,,,,fixed,0.0,,,13,,,gme,702,,,,,,,,,GME_PA_E_TOS_Fix_10.26.18.docx,False,GNERFIX,2020-04-23
None,g8948b6d1585a0a6,U-00007547,1000057673,green_mountain_energy,web,,,gme_ppl_tou,Pollution Free TimeWise 12,100% National Wind,Pollution Free TimeWise,Pollution Free PPL TOU,12/31/9999,pa,electric,ppl,,residential,12,contract,fixed,0.098,0.098,0.098,0.098,0.039,0.039,fixed,0.0,,,11,,,stp,702,,,,,,,,,GME_PA_E_TOS_PPLTOU_20160301.docx,False,GNERTUST,2020-05-20
None,g8a0db95ff669327,U-00006614,1000056029,green_mountain_energy,web,,,solarsparc_10_smart_12,SolarSPARC 10%12,"90% Natl Wind, 10% Natl Solar",solarsparc_10%,SolarSPARC,12/31/9999,md,electric,delmarva,,residential,12,contract,fixed,0.105,0.105,,,,,fixed,0.0,,,16,,,gme,703,,,,,,,,,GME_MD_E_TOS_Fix_10.26.18.docx,False,GNERFIX,2020-04-23
None,g8d688966e1294b9,U-00006558,1000055971,green_mountain_energy,web,,,pollution_free_reliable_rate,Pollution Free Reliable Rate,100% National Wind,Pollution Free Reliable Rate,Pollution Free,12/31/9999,pa,electric,meted,,residential,12,contract,fixed,0.072,0.072,,,,,fixed,0.0,,,11,,,gme,702,,,,,,,,,GME_PA_E_TOS_Fix_10.26.18.docx,False,GNERFIX,2020-04-23
None,g8fa92b78d9fcaf5,U-00005024,1000047607,green_mountain_energy,web,,,pollution_free_24,Pollution Free 24,100% National Wind,,,12/31/9999,ny,electric,oru,,residential,24,contract,fixed,0.086,0.086,,,,,fixed,0.0,0.0,0.0,11,,,gme,702,,,,,,,,,,False,GNYRFIX,2020-02-21
None,g9029856dd411fd0,U-00005341,1000049182,green_mountain_energy,web,,,pollution_free_24_wc,Pollution Free 24,100% National Wind,,,12/31/9999,ny,electric,coned,H,residential,24,contract,fixed,0.087,0.087,,,,,fixed,0.0,0.0,0.0,11,,,gme,702,,,,,,,,,,False,GNYRFIX,2020-02-21
None,g91a4be5063e374e,U-00006614,1000056024,green_mountain_energy,web,,,solarsparc_10_smart_12,SolarSPARC 10%12,"90% Natl Wind, 10% Natl Solar",solarsparc_10%,SolarSPARC,12/31/9999,md,electric,bge,,residential,12,contract,fixed,0.091,0.091,,,,,fixed,0.0,,,16,,,gme,703,,,,,,,,,GME_MD_E_TOS_Fix_10.26.18.docx,False,GNERFIX,2020-04-23
None,g91e89960e743062,U-00006525,1000056000,green_mountain_energy,web,,,green_mountain_family,Green Mountain Family,100% National Wind,Green Mountain Family,Green Mountain Family,12/31/9999,pa,electric,penelec,,residential,1,intro,variable,0.057870000000000005,0.057870000000000005,,,,,,,,,11,,,gme,702,,,,,,,,18.0,GME_PA_E_TOS_Var_20141214_FINAL.docx,False,GNERVAR2,2020-04-23
None,g953b30c2dc2b803,U-00006557,1000055982,green_mountain_energy,web,,,green_mountain_family,Green Mountain Family,100% National Wind,Green Mountain Family,Green Mountain Family,12/31/9999,ma,electric,camb,,residential,1,intro,variable,0.097,0.097,,,,,,,,,11,,,gme,702,,,,,,,,18.0,GME_MA_E_TOS_Var_021215_FINAL.docx,False,GNYRVAR,2020-04-23
None,g964164056bba972,U-00007044,1000053117,green_mountain_energy,web,,,rate_category,GNERFIX,100% National Wind,Fixed,,12/31/9999,il,electric,comed,,residential,12,contract,fixed,0.069,0.069,,,,,fixed,0.0,0.0,0.0,11,,,gme,702,,,,,,,,,,False,GNYRFIX,2020-05-01
None,g98b7fc78e66bc5d,U-00007042,1000053115,green_mountain_energy,web,,,rate_category,GNERVAR2,100% National Wind,Fixed,,12/31/9999,pa,electric,peco,,residential,1,intro,variable,0.069,0.069,,,,,,,0.0,0.0,11,,,gme,702,,,,,,,,,,False,GNERVAR2,2020-05-01
None,g9aa7b76a2b0e830,U-00004553,1000037811,green_mountain_energy,web,,,pollution_free_farm_to_market_reliable_rate,Pollution Free Farm to Market Reliable Rate,100% Local Wind,,,12/31/9999,ny,electric,chu,,residential,12,contract,fixed,0.085,0.085,,,,,fixed,0.0,0.0,0.0,13,,,gme,702,,,,,,,,,,False,GNYRFIX,2020-01-29
None,g9b6ea65dc23ad43,U-00006568,1000055980,green_mountain_energy,web,,,green_mountain_family,Green Mountain Family,100% National Wind,Green Mountain Family,Green Mountain Family,12/31/9999,il,electric,comed,,residential,1,intro,variable,0.065,0.065,,,,,,,,,11,,,gme,702,,,,,,,,22.0,GME_IL_E_TOS_Var_20140907.docx,False,GNYRVAR,2020-04-23
None,g9e9fecc89399489,U-00006559,1000055964,green_mountain_energy,web,,,pollution_free_reliable_rate,Pollution Free Reliable Rate,100% National Wind,Pollution Free Reliable Rate,Pollution Free,12/31/9999,ma,electric,meco,,residential,12,contract,fixed,0.13,0.13,,,,,fixed,0.0,,,11,,,gme,702,,,,,,,,,GME_MA_E_TOS_Fix_10.26.18.docx,False,GNERFIX,2020-04-23
None,ga01f6bab55d673c,U-00005024,1000047604,green_mountain_energy,web,,,pollution_free_24,Pollution Free 24,100% National Wind,,,12/31/9999,ny,electric,nyseg,,residential,24,contract,fixed,0.073,0.073,,,,,fixed,0.0,0.0,0.0,11,,,gme,702,,,,,,,,,,False,GNYRFIX,2020-02-21
None,ga4baeb16b2f8c3b,U-00004521,1000029347,green_mountain_energy,web,,,solarsparc_10_smart_12,SolarSPARC 10% 12,"90% Natl Wind, 10% Natl Solar",,,12/31/9999,ny,electric,rge,,residential,12,contract,fixed,0.071,0.071,,,,,fixed,0.0,0.0,0.0,16,,,gme,703,,,,,,,,,,False,GNYRFIX,2020-01-29
None,ga9ceeb1bd246c4e,U-00004553,1000047609,green_mountain_energy,web,,,pollution_free_farm_to_market_reliable_rate,Pollution Free Farm to Market Reliable Rate,100% Local Wind,,,12/31/9999,ny,electric,oru,,residential,12,contract,fixed,0.11,0.11,,,,,fixed,0.0,0.0,0.0,13,,,gme,702,,,,,,,,,,False,GNYRFIX,2020-01-29
None,gab02e6e556573f6,U-00004553,1000029346,green_mountain_energy,web,,,pollution_free_farm_to_market_reliable_rate,Pollution Free Farm to Market Reliable Rate,100% Local Wind,,,12/31/9999,ny,electric,rge,,residential,12,contract,fixed,0.081,0.081,,,,,fixed,0.0,0.0,0.0,13,,,gme,702,,,,,,,,,,False,GNYRFIX,2020-01-29
None,gaeb52321df3506c,U-00006525,1000055996,green_mountain_energy,web,,,green_mountain_family,Green Mountain Family,100% National Wind,Green Mountain Family,Green Mountain Family,12/31/9999,pa,electric,duq,,residential,1,intro,variable,0.063,0.063,,,,,,,,,11,,,gme,702,,,,,,,,18.0,GME_PA_E_TOS_Var_20141214_FINAL.docx,False,GNERVAR2,2020-04-23
None,gb1531b7eeccc3b0,U-00006559,1000055961,green_mountain_energy,web,,,pollution_free_reliable_rate,Pollution Free Reliable Rate,100% National Wind,Pollution Free Reliable Rate,Pollution Free,12/31/9999,ma,electric,beco,,residential,12,contract,fixed,0.13,0.13,,,,,fixed,0.0,,,11,,,gme,702,,,,,,,,,GME_MA_E_TOS_Fix_10.26.18.docx,False,GNERFIX,2020-04-23
None,gb2ca12a3bc59777,U-00004551,1000029304,green_mountain_energy,web,,,pollution_free_reliable_rate,Pollution Free Reliable Rate,100% National Wind,,,12/31/9999,ny,electric,coned,J,residential,12,contract,fixed,0.095,0.095,,,,,fixed,0.0,0.2283,6.95,11,,,gme,702,,,,,,,,,,False,GNYRFIX,2020-01-29
None,gb417faf033a779f,U-00006560,1000056003,green_mountain_energy,web,,,pollution_free_farm_to_market_reliable_rate,Pollution Free Farm to Market Reliable Rate,100% Local Wind,Pollution Free Farm to Market Reliable Rate,Pollution Free Farm to Market,12/31/9999,pa,electric,ppl,,residential,12,contract,fixed,0.11,0.11,,,,,fixed,0.0,,,13,,,gme,702,,,,,,,,,GME_PA_E_TOS_Fix_10.26.18.docx,False,GNERFIX,2020-04-23
None,gb4a87bba4e210f0,U-00006562,1000055989,green_mountain_energy,web,,,green_mountain_family,Green Mountain Family,100% National Wind,Green Mountain Family,Green Mountain Family,12/31/9999,md,electric,delmarva,,residential,1,intro,variable,0.064,0.064,,,,,,,,,11,,,gme,702,,,,,,,,18.0,GME_MD_E_TOS_Var_20140909.docx,False,GNYRVAR,2020-04-23
None,gb4c2a962174500d,U-00004553,1000037814,green_mountain_energy,web,,,pollution_free_farm_to_market_reliable_rate,Pollution Free Farm to Market Reliable Rate,100% Local Wind,,,12/31/9999,ny,electric,nyseg,,residential,12,contract,fixed,0.081,0.081,,,,,fixed,0.0,0.0,0.0,13,,,gme,702,,,,,,,,,,False,GNYRFIX,2020-01-29
None,gbd2cc125c6f6e61,U-00006562,1000055987,green_mountain_energy,web,,,green_mountain_family,Green Mountain Family,100% National Wind,Green Mountain Family,Green Mountain Family,12/31/9999,md,electric,bge,,residential,1,intro,variable,0.064,0.064,,,,,,,,,11,,,gme,702,,,,,,,,18.0,GME_MD_E_TOS_Var_20140909.docx,False,GNYRVAR,2020-04-23
None,gbfb53bb14a115bf,U-00006577,1000056023,green_mountain_energy,web,,,solarsparc_10_smart_12,SolarSPARC 10%12,"90% Natl Wind, 10% Natl Solar",solarsparc_10%,SolarSPARC,12/31/9999,ma,electric,wmeco,,residential,12,contract,fixed,0.131,0.131,,,,,fixed,0.0,,,16,,,gme,703,,,,,,,,,GME_MA_E_TOS_Fix_10.26.18.docx,False,GNERFIX,2020-04-23
None,gc027df45d7b86b9,U-00006561,1000055979,green_mountain_energy,web,,,pollution_free_gz_6,Pollution Free with Goal Zero 6,100% national wind with GZ Flip 20 Recharger,Pollution Free,Goal Zero,12/31/9999,md,electric,bge,,residential,6,contract,fixed,0.097,0.097,,,,,fixed,0.0,,,11,,,gze,153,Goal Zero Flip 20 Recharger,gz_flip20_gray,P1M,,,,,,GME_MD_E_TOS_Fix_01.09.2017,False,GNERFIX,2020-04-23
None,gc0ffcbc2558eeb2,U-00006559,1000055965,green_mountain_energy,web,,,pollution_free_reliable_rate,Pollution Free Reliable Rate,100% National Wind,Pollution Free Reliable Rate,Pollution Free,12/31/9999,ma,electric,ngntkt,,residential,12,contract,fixed,0.13,0.13,,,,,fixed,0.0,,,11,,,gme,702,,,,,,,,,GME_MA_E_TOS_Fix_10.26.18.docx,False,GNERFIX,2020-04-23
None,gc175bdcea5620ad,U-00006564,1000056014,green_mountain_energy,web,,,solarsparc_10_smart_12,SolarSPARC 10%12,"90% Natl Wind, 10% Natl Solar",solarsparc_10%,SolarSPARC,12/31/9999,pa,electric,duq,,residential,12,contract,fixed,0.0969,0.0969,,,,,fixed,0.0,,,16,,,gme,703,,,,,,,,,GME_PA_E_TOS_Fix_10.26.18.docx,False,GNERFIX,2020-04-23
None,gc25b92975f0dc97,U-00006559,1000055962,green_mountain_energy,web,,,pollution_free_reliable_rate,Pollution Free Reliable Rate,100% National Wind,Pollution Free Reliable Rate,Pollution Free,12/31/9999,ma,electric,camb,,residential,12,contract,fixed,0.13,0.13,,,,,fixed,0.0,,,11,,,gme,702,,,,,,,,,GME_MA_E_TOS_Fix_10.26.18.docx,False,GNERFIX,2020-04-23
None,gcceb4391c50568a,U-00006570,1000055955,green_mountain_energy,web,,,gme_ppl_tou,Pollution Free TimeWise 12,100% National Wind,Pollution Free TimeWise,Pollution Free PPL TOU,12/31/9999,pa,electric,ppl,,residential,12,contract,fixed,0.099,0.099,0.099,0.099,0.039,0.039,fixed,0.0,,,11,,,stp,702,,,,,,,,,GME_PA_E_TOS_PPLTOU_20160301.docx,False,GNERTUST,2020-04-23
None,gcd268a2ac10108a,U-00006525,1000055995,green_mountain_energy,web,,,green_mountain_family,Green Mountain Family,100% National Wind,Green Mountain Family,Green Mountain Family,12/31/9999,pa,electric,ppl,,residential,1,intro,variable,0.069,0.069,,,,,,,,,11,,,gme,702,,,,,,,,18.0,GME_PA_E_TOS_Var_20141214_FINAL.docx,False,GNERVAR2,2020-04-23
None,gce538106da22036,U-00006038,1000053111,green_mountain_energy,web,,,rate_category,GNERVAR,100% National Wind,Fixed,,12/31/9999,il,electric,comed,,residential,1,intro,variable,0.069,0.069,,,,,,,0.0,0.0,11,,,gme,702,,,,,,,,,,False,GNYRVAR,2020-05-01
None,gcea97141421ea3b,U-00006525,1000056001,green_mountain_energy,web,,,green_mountain_family,Green Mountain Family,100% National Wind,Green Mountain Family,Green Mountain Family,12/31/9999,pa,electric,meted,,residential,1,intro,variable,0.057479999999999996,0.057479999999999996,,,,,,,,,11,,,gme,702,,,,,,,,18.0,GME_PA_E_TOS_Var_20141214_FINAL.docx,False,GNERVAR2,2020-04-23
None,gcf5cca78ab18177,U-00006557,1000055981,green_mountain_energy,web,,,green_mountain_family,Green Mountain Family,100% National Wind,Green Mountain Family,Green Mountain Family,12/31/9999,ma,electric,beco,,residential,1,intro,variable,0.097,0.097,,,,,,,,,11,,,gme,702,,,,,,,,18.0,GME_MA_E_TOS_Var_021215_FINAL.docx,False,GNYRVAR,2020-04-23
None,gcfa81d59d2205c5,U-00006577,1000056021,green_mountain_energy,web,,,solarsparc_10_smart_12,SolarSPARC 10%12,"90% Natl Wind, 10% Natl Solar",solarsparc_10%,SolarSPARC,12/31/9999,ma,electric,meco,,residential,12,contract,fixed,0.14,0.14,,,,,fixed,0.0,,,16,,,gme,703,,,,,,,,,GME_MA_E_TOS_Fix_10.26.18.docx,False,GNERFIX,2020-04-23
None,gd6f23afc4c9bdeb,U-00005024,1000047600,green_mountain_energy,web,,,pollution_free_24,Pollution Free 24,100% National Wind,,,12/31/9999,ny,electric,chu,,residential,24,contract,fixed,0.065,0.065,,,,,fixed,0.0,0.0,0.0,11,,,gme,702,,,,,,,,,,False,GNYRFIX,2020-02-21
None,gd9ffd58e144a00f,U-00004521,1000047608,green_mountain_energy,web,,,solarsparc_10_smart_12,SolarSPARC 10% 12,"90% Natl Wind, 10% Natl Solar",,,12/31/9999,ny,electric,oru,,residential,12,contract,fixed,0.093,0.09300000000000001,,,,,fixed,0.0,0.0,0.0,16,,,gme,703,,,,,,,,,,False,GNYRFIX,2020-01-29
None,gdb048c4b6d273e9,U-00004556,1000047614,green_mountain_energy,web,,,pollution_free_reliable_rate_wc,Pollution Free Reliable Rate,100% National Wind,,,12/31/9999,ny,electric,coned,I,residential,12,contract,fixed,0.087,0.087,,,,,fixed,0.0,0.0,0.0,11,,,gme,702,,,,,,,,,,False,GNYRFIX,2020-01-29
None,ge04161be4ab5997,U-00006558,1000055970,green_mountain_energy,web,,,pollution_free_reliable_rate,Pollution Free Reliable Rate,100% National Wind,Pollution Free Reliable Rate,Pollution Free,12/31/9999,pa,electric,peco,,residential,12,contract,fixed,0.082,0.082,,,,,fixed,0.0,,,11,,,gme,702,,,,,,,,,GME_PA_E_TOS_Fix_10.26.18.docx,False,GNERFIX,2020-04-23
None,ge0e7c0a6970a2a0,U-00006577,1000056020,green_mountain_energy,web,,,solarsparc_10_smart_12,SolarSPARC 10%12,"90% Natl Wind, 10% Natl Solar",solarsparc_10%,SolarSPARC,12/31/9999,ma,electric,come,,residential,12,contract,fixed,0.14,0.14,,,,,fixed,0.0,,,16,,,gme,703,,,,,,,,,GME_MA_E_TOS_Fix_10.26.18.docx,False,GNERFIX,2020-04-23
None,ge4880039a9bc2e6,U-00006560,1000056004,green_mountain_energy,web,,,pollution_free_farm_to_market_reliable_rate,Pollution Free Farm to Market Reliable Rate,100% Local Wind,Pollution Free Farm to Market Reliable Rate,Pollution Free Farm to Market,12/31/9999,pa,electric,wpp,,residential,12,contract,fixed,0.086,0.086,,,,,fixed,0.0,,,13,,,gme,702,,,,,,,,,GME_PA_E_TOS_Fix_10.26.18.docx,False,GNERFIX,2020-04-23
None,gec34673cdf95cff,U-00007041,1000053114,green_mountain_energy,web,,,rate_category,GNERFIX2,100% National Wind,Fixed,,12/31/9999,pa,electric,peco,,residential,12,contract,fixed,0.069,0.069,,,,,fixed,0.0,0.0,0.0,11,,,gme,702,,,,,,,,,,False,GNERFIX2,2020-05-01
None,gef0a12ea58a0a10,U-00006564,1000056016,green_mountain_energy,web,,,solarsparc_10_smart_12,SolarSPARC 10%12,"90% Natl Wind, 10% Natl Solar",solarsparc_10%,SolarSPARC,12/31/9999,pa,electric,penelec,,residential,12,contract,fixed,0.08,0.08,,,,,fixed,0.0,,,16,,,gme,703,,,,,,,,,GME_PA_E_TOS_Fix_10.26.18.docx,False,GNERFIX,2020-04-23
None,gf5a18bbfbd99942,U-00006576,1000056010,green_mountain_energy,web,,,solarsparc_10_smart_12,SolarSPARC 10%12,"90% Natl Wind, 10% Natl Solar",solarsparc_10%,SolarSPARC,12/31/9999,nj,electric,reco,,residential,12,contract,fixed,0.13,0.13,,,,,fixed,0.0,,,16,,,gme,703,,,,,,,,,GME_NJ_E_TOS_Fix_10.26.18,False,GNERFIX2,2020-04-23
None,gfa60b412d811a3b,U-00006573,1000056134,green_mountain_energy,web,,,solarsparc_10_smart_12,SolarSPARC 10%12,"90% Natl Wind, 10% Natl Solar",solarsparc_10%,SolarSPARC,12/31/9999,il,electric,comed,,residential,12,contract,fixed,0.09,0.09,,,,,fixed,0.0,,,16,,,gme,703,,,,,,,,,GME_IL_E_TOS_Fix_10.26.18.docx,False,GNERFIX,2020-04-23
None,gfaffb74813b5c4d,U-00006560,1000056007,green_mountain_energy,web,,,pollution_free_farm_to_market_reliable_rate,Pollution Free Farm to Market Reliable Rate,100% Local Wind,Pollution Free Farm to Market Reliable Rate,Pollution Free Farm to Market,12/31/9999,pa,electric,peco,,residential,12,contract,fixed,0.102,0.102,,,,,fixed,0.0,,,13,,,gme,702,,,,,,,,,GME_PA_E_TOS_Fix_10.26.18.docx,False,GNERFIX,2020-04-23
None,gfbf5efa5c066784,U-00006577,1000056022,green_mountain_energy,web,,,solarsparc_10_smart_12,SolarSPARC 10%12,"90% Natl Wind, 10% Natl Solar",solarsparc_10%,SolarSPARC,12/31/9999,ma,electric,ngntkt,,residential,12,contract,fixed,0.14,0.14,,,,,fixed,0.0,,,16,,,gme,703,,,,,,,,,GME_MA_E_TOS_Fix_10.26.18.docx,False,GNERFIX,2020-04-23
None,gfe081aa8f5b79d6,U-00006578,1000056149,green_mountain_energy,web,,,pollution_free_reliable_rate,Pollution Free Reliable Rate,100% National Wind,Pollution Free Reliable Rate,Pollution Free,12/31/9999,il,electric,comed,,residential,12,contract,fixed,0.08,0.08,,,,,fixed,0.0,,,11,,,gme,702,,,,,,,,22.0,GME_IL_E_TOS_Fix_10.26.18.docx,False,GNERFIX,2020-04-23
None,gfed219b18969e3e,U-00004551,1000029308,green_mountain_energy,web,,,pollution_free_reliable_rate,Pollution Free Reliable Rate,100% National Wind,,,12/31/9999,ny,electric,ngrid,,residential,12,contract,fixed,0.06,0.06,,,,,fixed,0.0,0.0,0.0,11,,,gme,702,,,,,,,,,,False,GNYRFIX,2020-01-29
